period,interest_rate,inflation_yoy,growth_proxy_yoy
1960-01-31,3.99,1.2333147077216073,9.564153287231042
1960-02-29,3.97,1.403892257942956,6.731101546891566
1960-03-31,3.84,1.507394078464464,4.398656245472597
1960-04-30,3.92,1.9139340210697287,1.4953222334699745
1960-05-31,3.85,1.8086143907790624,-0.1141036940264061
1960-06-30,3.32,1.7030384355968042,-1.493599774971647
1960-07-31,3.23,1.3628831055605837,0.5822495717973932
1960-08-31,2.98,1.4628599018860384,3.9127271278765794
1960-09-30,2.6,1.2232568435634452,2.9817920351511438
1960-10-31,2.47,1.353658571753332,3.5930837049215314
1960-11-30,2.44,1.454448098175746,1.563658884306111
1960-12-31,1.98,1.3509155124076384,-6.3626345708396235
1961-01-31,1.45,1.5876030125031355,-8.83273708618823
1961-02-28,2.54,1.451502276965634,-8.060415410767414
1961-03-31,2.02,1.451502276965634,-6.551865952943051
1961-04-30,1.49,0.9098630586746419,-3.721446028497175
1961-05-31,1.98,0.9089441471174197,-2.0786150998096296
1961-06-30,1.73,0.7737633222060285,0.5768744006162733
1961-07-31,1.17,1.2443409254169406,2.0690584628427025
1961-08-31,2.0,1.108323687798255,3.091074795922875
1961-09-30,1.88,1.2418350560951836,4.030639815565142
1961-10-31,2.26,0.7701360682812984,6.048788767519745
1961-11-30,2.61,0.6693465418588799,9.009027548828325
1961-12-31,2.33,0.6686751762295821,11.805607758607707
1962-01-31,2.15,0.6680051560373788,10.815202938181478
1962-02-28,2.37,0.9007567158082449,12.559145013225434
1962-03-31,2.85,1.0998277835409658,12.48772932519375
1962-04-30,2.78,1.332908770860062,10.666648968439338
1962-05-31,2.36,1.3315775975772155,9.031082002981403
1962-06-30,2.68,1.2323220063020441,7.427462493304278
1962-07-31,2.71,0.9976803738317,7.239935919214724
1962-08-31,2.93,1.1292049577765704,6.439668388432848
1962-09-30,2.9,1.4569794156695235,7.184739734339648
1962-10-31,2.9,1.3254004493175149,5.3889281975679655
1962-11-30,2.94,1.3254004493175149,4.269189901444768
1962-12-31,2.93,1.2253837715351048,3.4006465608883185
1963-01-31,2.92,1.3227706097551126,4.998414583491813
1963-02-28,3.0,1.2213388324803143,4.51091844823661
1963-03-31,2.98,1.1206445557608444,4.588874099334013
1963-04-30,2.9,0.889773541986479,5.288546106002948
1963-05-31,3.0,0.8888947417246215,6.600480249848008
1963-06-30,2.99,1.315375755874038,7.112727295421979
1963-07-31,3.02,1.5432911787051382,5.757205031614092
1963-08-31,3.49,1.540256568327892,5.850945570860263
1963-09-30,3.48,0.9813621448324452,6.2107247329845165
1963-10-31,3.5,1.210549708490008,6.794511531370527
1963-11-30,3.48,1.3080631243106533,6.864563210123789
1963-12-31,3.38,1.6324227988948663,6.669450396265702
1964-01-31,3.48,1.6292312151434971,6.816375637141254
1964-02-29,3.48,1.4009025325579318,6.357417024729988
1964-03-31,3.43,1.3995346416341754,5.74416626999361
1964-04-30,3.47,1.530226831215963,6.45415689756166
1964-05-31,3.5,1.5287336260144306,5.815407749657723
1964-06-30,3.5,1.2982980155036457,5.798538403058271
1964-07-31,3.42,1.069528911674795,6.852456544373892
1964-08-31,3.5,0.9708814126960903,7.303947583480079
1964-09-30,3.45,1.1650617219975274,6.681778478203928
1964-10-31,3.36,1.1960705057663914,4.598433598102175
1964-11-30,3.52,1.3873427871954922,7.152655118824986
1964-12-31,3.85,1.1910651025835126,8.521737103016667
1965-01-31,3.9,1.092907053219023,8.717329729281047
1965-02-28,3.98,1.1899159533085382,8.661068003970932
1965-03-31,4.05,1.1887690193394223,9.97625733263637
1965-04-30,4.09,1.3797748174281397,8.787670439602561
1965-05-31,4.1,1.6010588560479835,8.99903486228551
1965-06-30,4.05,1.9163793115168626,9.48827702925859
1965-07-31,4.09,1.7891851079103156,9.768100639271958
1965-08-31,4.12,1.5974780607734465,9.5395281820418
1965-09-30,4.02,1.7225306281879342,9.422007956779398
1965-10-31,4.08,1.6887449279994167,11.819944271845264
1965-11-30,4.1,1.7154169056012507,9.191855620821304
1965-12-31,4.32,1.901800583576195,9.252940042954728
1966-01-31,4.42,1.89999382449039,9.159019757482264
1966-02-28,4.6,2.525386732120341,9.185395396205331
1966-03-31,4.66,2.7407606225922887,9.229777270951073
1966-04-30,4.67,2.8277096096861483,8.953871989219493
1966-05-31,4.9,2.726159739770721,9.123200418142916
1966-06-30,5.17,2.406742202196286,8.822131574889832
1966-07-31,5.3,2.7176434322603193,8.432987464432232
1966-08-31,5.53,3.4271266735217805,8.088323044443806
1966-09-30,5.4,3.511313029993488,8.764130563978046
1966-10-31,5.53,3.721359634043449,8.451187837188742
1966-11-30,5.76,3.4971844849278693,7.34559215679012
1966-12-31,5.4,3.304299379069669,6.34126923734252
1967-01-31,4.94,3.1493803849311974,5.834510691063496
1967-02-28,5.0,2.827477846816664,4.047747877678461
1967-03-31,4.53,2.516241990224303,2.1229146468362137
1967-04-30,4.05,2.508543898126923,2.9030617414687243
1967-05-31,3.94,2.291926143610771,1.0796643369156045
1967-06-30,3.98,2.8016448736908837,0.5969320110053361
1967-07-31,3.79,2.8855456832555535,-0.17688786109551866
1967-08-31,3.9,2.5700583108580703,1.643293958777719
1967-09-30,3.99,2.562310488789769,0.5525190958514543
1967-10-31,3.88,2.5546092427696574,0.6731745575412521
1967-11-30,4.13,3.055044419842524,2.7840225234670277
1967-12-31,4.51,3.2280148807292184,3.624376579971695
1968-01-31,4.61,3.5824726518145007,3.046105276334674
1968-02-29,4.71,3.5718082602079244,4.544342226690212
1968-03-31,5.05,3.863779270541392,5.421372516185747
1968-04-30,5.76,3.8523281996335457,4.6272529654854715
1968-05-31,6.12,4.142604165429673,6.619151714501741
1968-06-30,6.07,4.118228996641552,6.998238075094044
1968-07-31,6.03,4.393092922572672,7.072709626085699
1968-08-31,6.03,4.380262265839284,5.453456784583471
1968-09-30,5.78,4.367506350266163,5.993953117657694
1968-10-31,5.91,4.638512658093491,5.3814711704633424
1968-11-30,5.82,4.329680575332426,5.246370546544602
1968-12-31,6.02,4.598511324182343,4.490589350202509
1969-01-31,6.3,4.585330449612225,5.201272051282678
1969-02-28,6.61,4.572224933809494,5.481559009510635
1969-03-31,6.79,5.114751116694121,5.950926467708485
1969-04-30,7.41,5.3761176891452305,5.437869578840765
1969-05-31,8.67,5.360945060538088,3.94341808907289
1969-06-30,8.9,5.330855345450692,4.549119951605873
1969-07-31,8.61,5.3011015966503665,5.229182536526908
1969-08-31,9.19,5.286348955706781,5.180049684105703
1969-09-30,9.15,5.541583914156928,4.779585857241003
1969-10-31,9.0,5.511036271051888,4.610449316773814
1969-11-30,8.85,5.762911283663643,2.378128584913109
1969-12-31,8.97,5.7314456595980285,1.7940167007637162
1970-01-31,8.98,5.980042330278707,-0.6780522803529894
1970-02-28,8.98,6.226638872600078,-1.3817782513068362
1970-03-31,7.76,5.915703084776494,-2.292838367532822
1970-04-30,8.1,5.88405000229336,-2.1818248519896697
1970-05-31,7.95,5.868350182809021,-1.9195765713092574
1970-06-30,7.61,5.8372006221907045,-3.2159397438943076
1970-07-31,7.21,5.5496405449515445,-3.4974114442070423
1970-08-31,6.62,5.53500950831649,-3.905299927827032
1970-09-30,6.29,5.505977718302739,-4.574416426925959
1970-10-31,6.2,5.477248965411831,-6.624470108855293
1970-11-30,5.6,5.448818528406978,-6.284751373772002
1970-12-31,4.9,5.4206817836426735,-3.7454328604056286
1971-01-31,4.14,5.142521180743718,-1.1102388618285346
1971-02-28,3.72,4.616204176316241,-1.2351512137739804
1971-03-31,3.71,4.34295579273361,-1.2135414423356967
1971-04-30,4.16,4.071809301878497,-0.3960453674311184
1971-05-31,4.63,4.3099192481852056,0.22658929496189978
1971-06-30,4.91,4.288172748326576,0.9690866418436626
1971-07-31,5.31,4.2773815983286445,0.4335064453178255
1971-08-31,5.57,4.266644631890294,0.02971815535809905
1971-09-30,5.55,4.0005334613698995,2.3334660604212765
1971-10-31,5.2,3.7364246744867984,5.100094249633519
1971-11-30,4.91,3.4742948443872836,6.130829626884997
1971-12-31,4.14,3.2141209211796986,5.008106040476265
1972-01-31,3.51,3.2061932459663094,6.6046353774630875
1972-02-29,3.3,3.690455693545098,7.799507093263064
1972-03-31,3.83,3.4401426717332315,8.597003305231436
1972-04-30,4.17,3.431709292412916,9.032563050542628
1972-05-31,4.27,3.1748698314580484,8.540414456182292
1972-06-30,4.46,2.919915469226235,8.386340662479352
1972-07-31,4.55,2.9128272923023637,8.565054333457294
1972-08-31,4.81,2.905773447954255,10.531010714992075
1972-09-30,4.87,3.136565927821983,9.713686874238467
1972-10-31,5.05,3.1290157993210257,10.229979430309722
1972-11-30,5.06,3.3576295533604306,10.982004711365986
1972-12-31,5.33,3.3495954428182184,10.942153806128612
1973-01-31,5.94,3.5760663879098256,9.299791108070279
1973-02-28,6.58,3.7919234862293676,9.715173638924163
1973-03-31,7.09,4.717856027509047,9.074768611060684
1973-04-30,7.12,5.165467486489193,7.931863576022545
1973-05-31,7.84,5.381415281390798,8.597201193370054
1973-06-30,8.49,5.822366027889674,8.467509821923834
1973-07-31,10.4,5.582844955294189,8.934421052861575
1973-08-31,10.5,7.13766628422278,7.41398662530348
1973-09-30,10.78,7.104934614984979,7.415264235565903
1973-10-31,10.01,7.748749547837433,6.9954605612778
1973-11-30,10.03,7.9316754828587355,6.2734638490966095
1973-12-31,9.95,8.56378851618172,4.877851430153006
1974-01-31,9.65,9.168428268902208,3.4963800407540386
1974-02-28,8.97,9.531017980432473,1.7596113204683956
1974-03-31,9.35,9.656619839105112,1.7147928230221896
1974-04-30,10.51,9.593407501017094,1.5700926426701538
1974-05-31,11.31,10.170921082532242,1.6801778192784125
1974-06-30,11.93,10.309550902697403,1.368924566334247
1974-07-31,12.92,10.919929196499181,1.2290316962713732
1974-08-31,12.01,10.335851298715315,0.29821194689820746
1974-09-30,11.34,11.285448945523422,-0.4981327604111915
1974-10-31,10.06,11.19179162039854,-1.6132662553496449
1974-11-30,9.45,11.511669060319106,-5.414828652567941
1974-12-31,8.53,11.41768290796546,-8.802821954568863
1975-01-31,7.13,11.11131681472762,-9.54425854797236
1975-02-28,6.24,10.620582424577703,-11.547321675031583
1975-03-31,5.54,9.948555121480549,-12.674891247129185
1975-04-30,5.49,9.70097364404063,-12.14978801642416
1975-05-31,5.22,8.855339734144502,-13.268281918293967
1975-06-30,5.55,8.786135579133425,-12.46439581588697
1975-07-31,6.1,9.10599655156301,-11.636841930516646
1975-08-31,6.14,8.265990568812773,-9.590323838303398
1975-09-30,6.24,7.608230645743949,-8.307361347534496
1975-10-31,5.82,7.368771579115912,-7.595784936040697
1975-11-30,5.22,7.119110085859867,-4.113214687326304
1975-12-31,5.2,6.886441108469373,0.9186439607008842
1976-01-31,4.87,6.47774983163881,3.6315622858661647
1976-02-29,4.77,6.084826041738923,6.927765316571691
1976-03-31,4.84,5.884050002293339,8.267388698010922
1976-04-30,4.82,5.684389897652889,8.52918639820346
1976-05-31,5.29,6.029223025612004,9.282616638467017
1976-06-30,5.48,5.809255683174557,8.757874139043764
1976-07-31,5.31,5.406722127027579,8.283039241227177
1976-08-31,5.29,5.5619715275093355,7.989483901283162
1976-09-30,5.25,5.348868495098622,7.051847605991974
1976-10-31,5.02,5.320403606346467,6.582540484996802
1976-11-30,4.95,4.939275532957647,7.9609585488916155
1976-12-31,4.65,4.913268857764459,7.6801505625000575
1977-01-31,4.61,5.066585744678561,5.667549418912843
1977-02-28,4.68,5.904492584262625,6.259223380096499
1977-03-31,4.69,6.230388333615484,7.313135352627421
1977-04-30,4.73,6.72087496934501,7.774589009596242
1977-05-31,5.35,6.520319381076228,8.135791350621648
1977-06-30,5.39,6.486915430308929,8.80783549593991
1977-07-31,5.42,6.453852113757116,8.367694620798936
1977-08-31,5.9,6.421124245685579,7.781018741930504
1977-09-30,6.14,6.225727524032,7.847364279068923
1977-10-31,6.47,6.194448596052461,8.018859052641988
1977-11-30,6.51,6.4968721187225995,6.689889252092007
1977-12-31,6.56,6.464553595922597,5.79340583280735
1978-01-31,6.7,6.592172080482429,5.012789322154258
1978-02-28,6.78,6.052542038785293,3.9794463500790354
1978-03-31,6.79,6.1808287371876025,4.608254428993569
1978-04-30,6.89,6.297479916138839,5.659292445378712
1978-05-31,7.36,6.899287148695142,5.339431170016117
1978-06-30,7.6,7.174390485884132,5.211556992802608
1978-07-31,7.81,7.4460353669084896,5.001275442091665
1978-08-31,8.04,7.562657533091192,5.312057413408641
1978-09-30,8.45,8.142210471964274,5.153706161464741
1978-10-31,8.96,8.552217343816192,5.759748407189422
1978-11-30,9.76,8.49932128333925,6.3446407735620465
1978-12-31,10.03,8.60746087712432,6.66323206404403
1979-01-31,10.07,8.847229762930455,7.602887740695885
1979-02-28,10.06,9.386613623209128,7.546718494560789
1979-03-31,10.09,9.760178779658437,5.974007503254098
1979-04-30,10.01,9.971078311570723,2.7578667785622244
1979-05-31,10.24,10.16326455438119,3.195114926506272
1979-06-30,10.29,10.50527760031434,2.5693132212365777
1979-07-31,10.47,10.840929850718496,2.4843947055656352
1979-08-31,10.94,11.186435768682927,1.4139171235402723
1979-09-30,11.43,11.225399417723784,1.143912698448893
1979-10-31,13.77,11.396718697815825,1.120399578027168
1979-11-30,13.18,11.8605742407847,0.19670330167764807
1979-12-31,13.78,12.446984194694782,-0.23375852521867013
1980-01-31,13.82,12.987508142141207,0.8488348938411254
1980-02-29,14.13,13.244698984339747,0.39785656555987037
1980-03-31,17.19,13.621020483454881,-0.33604549179448834
1980-04-30,17.61,13.618367956524969,-1.1336042926689838
1980-05-31,10.98,13.475613252041843,-4.527226008442682
1980-06-30,9.47,13.335824744185462,-5.848875443440723
1980-07-31,9.03,12.355023937854117,-6.387361582155952
1980-08-31,9.61,12.124454863187196,-5.413360724841572
1980-09-30,10.87,12.016967163411431,-3.759877838520864
1980-10-31,12.81,11.896437070221456,-3.220298615400901
1980-11-30,15.85,11.89519428613653,-1.4049082941949167
1980-12-31,18.9,11.648179929841165,-0.8084682640715678
1981-01-31,19.08,11.149550422534222,-1.990960871752709
1981-02-28,15.93,10.788896201118492,-2.4450715656483575
1981-03-31,14.7,10.085600353672177,-1.5296657946199466
1981-04-30,15.72,9.654551041231757,0.035989014889260075
1981-05-31,18.52,9.34167671987932,3.0983682236992247
1981-06-30,19.1,9.255155736524511,4.9072055128522685
1981-07-31,19.04,10.232929175454336,6.2664617327494785
1981-08-31,17.82,10.271278273538519,5.82867479428737
1981-09-30,15.87,10.404857080986082,3.709340096443372
1981-10-31,15.08,9.777574357678818,1.6544718412542379
1981-11-30,13.31,9.14795728644827,-1.1749872284237195
1981-12-31,12.37,8.53703707813239,-2.9074967335816124
1982-01-31,13.22,7.933674223652101,-4.350601018552782
1982-02-28,14.78,7.337718571382612,-1.9077406309206197
1982-03-31,14.68,6.658214258099749,-3.0818948391974588
1982-04-30,14.94,6.411755712377724,-3.5687695424750614
1982-05-31,14.45,6.683521282464219,-4.808239213784354
1982-06-30,14.15,6.936112779750232,-5.577088800428612
1982-07-31,12.59,6.351340572232593,-6.559666016340674
1982-08-31,10.12,5.794142848618896,-7.352023687716643
1982-09-30,10.31,4.822737476571583,-7.116139390635484
1982-10-31,9.71,4.90960213365204,-7.297183840978344
1982-11-30,9.2,4.380262265839305,-6.453455564528506
1982-12-31,8.95,3.754351245740315,-6.094369405179607
1983-01-31,8.68,3.640547638500976,-2.1617957673027437
1983-02-28,8.51,3.4253478478539385,-4.80711605673457
1983-03-31,8.77,3.5273366379284776,-3.3000212733612275
1983-04-30,8.8,3.922071315328133,-1.1144910610356185
1983-05-31,8.63,3.383203240143464,0.1549622026117571
1983-06-30,8.98,2.444113515914566,1.026359368436286
1983-07-31,9.37,2.3315805313616846,2.833903721658879
1983-08-31,9.56,2.4268127272437696,4.926882633568776
1983-09-30,9.45,2.726064820889173,6.617754646455559
1983-10-31,9.48,2.71509890659509,8.352191121480033
1983-11-30,9.34,3.1142647355853854,9.122581279910182
1983-12-31,9.47,3.7171532108345726,10.333411807462454
1984-01-31,9.56,4.2006175634155,10.463361980045075
1984-02-29,9.59,4.587045406609714,11.531265906474799
1984-03-31,9.91,4.77702762686866,11.179182732471023
1984-04-30,10.29,4.453977137177074,10.511115991140871
1984-05-31,10.32,4.243359841459654,10.450893070769185
1984-06-30,11.06,4.23500015729533,10.206253193241077
1984-07-31,11.23,4.21837923035049,9.004543934893752
1984-08-31,11.64,4.205998912736365,7.931612858491199
1984-09-30,11.3,4.1936910618862315,6.191065261811632
1984-10-31,9.99,4.177392224563727,5.418366484285741
1984-11-30,9.43,4.070329311350418,5.309671095141468
1984-12-31,8.38,3.9637861759038273,4.841012307394426
1985-01-31,8.35,3.4652167705572237,2.84747732488687
1985-02-28,8.5,3.542735261123322,2.6838023734993275
1985-03-31,8.58,3.720028368609049,2.3464493778408113
1985-04-30,8.27,3.519145833631333,1.538649058419925
1985-05-31,7.97,3.512463593127796,1.142653641464752
1985-06-30,7.53,3.598873233223582,0.728023193493626
1985-07-31,7.88,3.399760854141984,-0.022916500622335113
1985-08-31,7.9,3.2975196815550585,0.17783669695312587
1985-09-30,7.92,3.1957606768671285,0.8121708633418566
1985-10-31,7.99,3.1837895097608744,0.5117246796851997
1985-11-30,8.05,3.4534463089214,0.5265841609220364
1985-12-31,8.27,3.721359634043427,1.4527502258367746
1986-01-31,8.14,3.896596853338371,2.0219876531786207
1986-02-28,7.86,3.1484081933282395,1.0428706283099658
1986-03-31,7.48,2.130696631293056,0.17700441122877641
1986-04-30,6.99,1.5762959665257554,0.5381332484429765
1986-05-31,6.85,1.665163359244216,0.5404381214857092
1986-06-30,6.92,1.7520042420163313,0.1852335182332082
1986-07-31,6.56,1.65749650942126,1.3107799048935103
1986-08-31,6.17,1.5632502249826108,0.8213972355266953
1986-09-30,5.89,1.7423641147253692,0.7385586094908111
1986-10-31,5.85,1.5546723738299957,1.4753594274121147
1986-11-30,6.04,1.2762251613851292,1.5240459045071444
1986-12-31,6.91,1.1802225056627913,1.5096186736803299
1987-01-31,6.43,1.3556466083608028,0.6082122681462342
1987-02-28,6.1,1.8962193439814252,2.6220857320979993
1987-03-31,6.13,2.8018100249570783,3.4816423781071255
1987-04-30,6.37,3.6137626918566834,3.96948599869297
1987-05-31,6.85,3.6039936483196873,4.452164387754168
1987-06-30,6.73,3.679194693357656,5.3725012642502294
1987-07-31,6.58,3.851797243567492,5.400969168586163
1987-08-31,6.73,4.198919628684993,6.334439042182656
1987-09-30,7.22,4.183965834290877,6.472669005957106
1987-10-31,7.29,4.263523164443596,7.370684461719071
1987-11-30,6.69,4.429422023100433,7.457418349576388
1987-12-31,6.77,4.240918192509361,7.072719093518279
1988-01-31,6.83,4.046286361318087,7.402391732853056
1988-02-29,6.58,3.86012836968121,6.592827690111212
1988-03-31,6.58,3.7608279917159324,6.6945904529560005
1988-04-30,6.87,3.915245609718162,6.641916931106588
1988-05-31,7.09,3.905051487187303,5.809812946520917
1988-06-30,7.51,3.888178754420748,5.582902755654309
1988-07-31,7.75,4.0470438882955415,4.917887351483556
1988-08-31,8.01,4.02969223107644,4.670247125523509
1988-09-30,8.19,4.099634723624034,3.9641063883454697
1988-10-31,8.3,4.1725933670218645,3.070910516486007
1988-11-30,8.35,4.158426890663387,2.825891470905131
1988-12-31,8.76,4.317217186520878,2.7185677308185436
1989-01-31,9.12,4.385188252884941,3.0328034729720903
1989-02-28,9.36,4.542412511425564,2.08937665471488
1989-03-31,9.85,4.7767773731739664,2.092655255178385
1989-04-30,9.84,4.911515604749561,1.4992492817497916
1989-05-31,9.81,5.1420945814228505,1.1309470413554856
1989-06-30,9.53,5.040306774489667,0.8336456828266259
1989-07-31,9.24,4.939275532957647,-0.1504414293248654
1989-08-31,8.99,4.518222279323298,0.32445265976671706
1989-09-30,9.02,4.339608456376187,0.32351933669942784
1989-10-31,8.84,4.4850566165351715,-0.24151011520373217
1989-11-30,8.55,4.549931806966842,-0.14575042985420425
1989-12-31,8.45,4.535190125295962,-0.05075851865103271
1990-01-31,8.23,5.067429096326681,-0.8523567085913462
1990-02-28,8.24,5.1293294387550485,0.4952070729176896
1990-03-31,8.28,5.104776506602394,0.7423665291343954
1990-04-30,8.26,4.603987675473402,0.495009580710504
1990-05-31,8.18,4.272801845415449,1.3688294613965075
1990-06-30,8.29,4.567723146599251,1.7150215832036348
1990-07-31,8.15,4.706751085798573,2.509530236575901
1990-08-31,8.13,5.546130298645443,1.8831432193610491
1990-09-30,8.2,5.9870189490949715,2.2046649897175157
1990-10-31,8.11,6.184350528270306,1.7535754881917356
1990-11-30,7.81,6.011054305759584,0.13652586758955942
1990-12-31,7.31,6.067119518113591,-1.1470566202347896
1991-01-31,6.91,5.49337188178374,-0.9661124511985799
1991-02-28,6.25,5.176193455858958,-2.6117701550174015
1991-03-31,6.12,4.708538667468786,-3.6857943808214153
1991-04-30,5.91,4.69783350210113,-3.1599550008218023
1991-05-31,5.78,4.912207765369842,-2.5266302726750305
1991-06-30,5.9,4.588996205949812,-2.058172450464535
1991-07-31,5.82,4.275116695266391,-1.6036159483543624
1991-08-31,5.66,3.72899282454728,-1.953424915816147
1991-09-30,5.45,3.339828040184801,-1.1708841321057046
1991-10-31,5.21,2.808758181026142,-0.6395790015675138
1991-11-30,4.81,3.020487447166097,0.4817738043589355
1991-12-31,4.43,2.9370686795988195,0.730995032220049
1992-01-31,4.03,2.6375155254394413,0.5319877372007836
1992-02-29,4.06,2.779988827759601,1.9770703029326895
1992-03-31,3.98,3.140090045119042,3.4031264296116706
1992-04-30,3.73,3.1332253360270417,3.895758736880022
1992-05-31,3.82,2.9787890756621005,3.2873127932386526
1992-06-30,3.76,2.9701567606909207,2.5314437179315057
1992-07-31,3.25,3.1083095058388595,3.168268338667768
1992-08-31,3.3,3.0283496587252365,2.6086468487659755
1992-09-30,3.22,2.9487933030643445,2.1477924708438945
1992-10-31,3.1,3.22724314048499,2.875341723153254
1992-11-30,3.09,3.0727676523496577,3.412207773536855
1992-12-31,2.92,2.9235593762237397,4.068395841129199
1993-01-31,3.02,3.2019811234771574,4.976776492529162
1993-02-28,3.03,3.1951599806602426,4.753726921232648
1993-03-31,3.07,2.9747235904728995,3.8173833479459724
1993-04-30,2.96,3.1075946960522742,3.335177181629833
1993-05-31,3.0,3.1703958587932672,2.6274500309635274
1993-06-30,3.04,2.9538012436864087,2.801542516318522
1993-07-31,3.06,2.8072018778686307,2.154360358756766
1993-08-31,3.03,2.8013036227673886,2.5944689811368558
1993-09-30,3.09,2.726488356180611,2.7943062955201796
1993-10-31,2.99,2.71509890659509,2.851782469270568
1993-11-30,3.02,2.7075586605281527,2.929178544766089
1993-12-31,2.96,2.772180293027201,3.3509559928289745
1994-01-31,3.05,2.421425812059453,3.2550696907973893
1994-02-28,3.25,2.4845998586530804,2.8329034858924946
1994-03-31,3.34,2.617229277326554,3.935283919792459
1994-04-30,3.56,2.3368761007829404,4.250957223694238
1994-05-31,4.01,2.26269509290258,5.089164853736952
1994-06-30,4.25,2.464190393692893,5.536745087497225
1994-07-31,4.26,2.6631823180793193,5.400384005715764
1994-08-31,4.47,2.859282599384305,6.18921659229144
1994-09-30,4.73,2.922396212457042,5.974122686873156
1994-10-31,4.76,2.5764136936131465,6.045050568428731
1994-11-30,5.29,2.569444937478272,6.270412308772269
1994-12-31,5.45,2.5642430613337437,6.696527816292634
1995-01-31,5.53,2.8303776162851726,6.579213489393597
1995-02-28,5.92,2.822768062486738,6.4080715758647555
1995-03-31,5.98,2.749083613804083,5.559112631030389
1995-04-30,6.05,3.07716586667539,4.7967262477434
1995-05-31,6.01,3.071002348537261,4.8275673504005345
1995-06-30,6.0,2.997227353579172,4.485607524907357
1995-07-31,5.85,2.7908788117076444,3.933667682946874
1995-08-31,5.74,2.583780698955756,4.582414230899281
1995-09-30,5.8,2.5133598118493317,4.670876923491946
1995-10-31,5.76,2.707329432853481,3.6936730586155666
1995-11-30,5.8,2.5701579461430946,3.275611352410362
1995-12-31,5.6,2.50013022054174,2.6054512024954275
1996-01-31,5.56,2.7524673390089935,1.8613897035648368
1996-02-29,5.22,2.6807751145443417,3.427174426712549
1996-03-31,5.31,2.8042267873856246,3.138640047979782
1996-04-30,5.22,2.7932962559856813,4.301534453053591
1996-05-31,5.24,2.7878628845963602,4.556202116834056
1996-06-30,5.27,2.782450610942905,4.984654797732039
1996-07-31,5.4,2.8425686497951506,5.419018675313598
1996-08-31,5.22,2.77347670600895,4.612609904526104
1996-09-30,5.3,2.960319130535467,4.834055497599642
1996-10-31,5.24,3.015948830630154,5.039575643691953
1996-11-30,5.31,3.201297698781311,5.690853571435576
1996-12-31,5.29,3.322989449890764,5.9830359383729
1997-01-31,5.25,2.9929008777094337,6.7154308548965345
1997-02-28,5.19,2.987193830172009,6.449296542209597
1997-03-31,5.39,2.72773017128855,7.204408821124611
1997-04-30,5.51,2.405179231852233,6.331438446609332
1997-05-31,5.5,2.2131791728697814,6.139316182073676
1997-06-30,5.56,2.208988527228368,5.838522012731702
1997-07-31,5.52,2.142489008410606,6.67374167513179
1997-08-31,5.54,2.264247674975997,7.158712756032741
1997-09-30,5.54,2.1951336103535257,7.446507089868742
1997-10-31,5.5,2.0645087329157716,8.29968268306649
1997-11-30,5.52,1.8727139050697732,8.169633055362464
1997-12-31,5.5,1.6828069280650255,7.9559126044084385
1998-01-31,5.56,1.6179568876269268,8.234903994616358
1998-02-28,5.51,1.4299280011417346,7.2098712764835255
1998-03-31,5.49,1.3673301900209642,6.612422361685104
1998-04-30,5.45,1.4281521841403815,6.837809228209611
1998-05-31,5.49,1.67445772738017,6.94234438379411
1998-06-30,5.56,1.6099418934181116,5.882135200403116
1998-07-31,5.54,1.7305747097592428,4.646242265080677
1998-08-31,5.55,1.603982568103658,5.699937761549903
1998-09-30,5.51,1.416716026478027,4.734947424396386
1998-10-31,5.07,1.4751343087072764,4.53346233568202
1998-11-30,4.83,1.4733231512984086,3.6731907297259383
1998-12-31,4.68,1.5941477997688185,3.700261330779341
1999-01-31,4.63,1.6529301951210507,3.6940074136825043
1999-02-28,4.76,1.6529301951210507,4.138566416890424
1999-03-31,4.81,1.7136282242987237,4.330012584622393
1999-04-30,4.74,2.255505551508637,4.217072875711725
1999-05-31,4.74,2.069459124283296,4.190366348209049
1999-06-30,4.76,1.946533478810325,4.713564085622764
1999-07-31,4.99,2.121934722674172,5.675812986775249
1999-08-31,5.07,2.2391253175445422,4.027347197309978
1999-09-30,5.22,2.595980369579781,3.6760538842608668
1999-10-31,5.2,2.5302554664785903,4.209642364655583
1999-11-30,5.42,2.586610371218127,4.769052691251297
1999-12-31,5.3,2.641209953977728,5.085391115420896
2000-01-31,5.45,2.754665195549507,4.51736806639158
2000-02-29,5.73,3.1672799866667116,4.222902672455951
2000-03-31,5.85,3.6930939027288554,4.351238656479323
2000-04-30,6.02,2.969339292514635,4.715098188433379
2000-05-31,6.27,3.084467535109835,4.355236667935543
2000-06-30,6.53,3.6668803637087124,4.472750131774656
2000-07-31,6.54,3.5360195395884495,3.7005266546147233
2000-08-31,6.5,3.296354955128475,3.027138998976699
2000-09-30,6.52,3.398100819314386,3.8920734060099176
2000-10-31,6.51,3.3921380945667385,2.2878465443593217
2000-11-30,6.51,3.386196261017607,1.8322393817013578
2000-12-31,6.4,3.3783061243644927,0.7370489261560376
2001-01-31,5.98,3.6536392061926453,0.39686052959513696
2001-02-28,5.49,3.4685557987890108,-0.5684585549410089
2001-03-31,5.31,2.938845899950049,-1.128640983433192
2001-04-30,4.8,3.167555345114574,-2.0817371917717606
2001-05-31,4.21,3.501074937252054,-2.830874875675559
2001-06-30,3.97,3.144014316697529,-3.399344940047623
2001-07-31,3.77,2.685108472284635,-3.846552021833994
2001-08-31,3.65,2.685108472284635,-3.6887326390676147
2001-09-30,3.07,2.5591388069366103,-4.656928542031954
2001-10-31,2.49,2.1053409197832265,-4.5421120156954355
2001-11-30,2.09,1.8766544497068196,-5.176618471711871
2001-12-31,1.82,1.5909426469977446,-4.89253238042128
2002-01-31,1.73,1.1888053959589435,-3.7521389612119282
2002-02-28,1.74,1.1299555253933466,-3.087139979513847
2002-03-31,1.73,1.353658571753332,-2.160665534497285
2002-04-30,1.75,1.63062370383963,-1.3139272506955322
2002-05-31,1.75,1.2331994848171202,-0.4342299253963643
2002-06-30,1.75,1.063542070749366,0.9166963899822321
2002-07-31,1.73,1.4549781014731147,1.5269796531774011
2002-08-31,1.74,1.7323707897456395,1.530708257330199
2002-09-30,1.75,1.504625766246033,2.1233607274664856
2002-10-31,1.75,2.006756305080917,2.1893990392071747
2002-11-30,1.34,2.2285044789434956,3.3546026394709014
2002-12-31,1.24,2.4500111867899403,2.8396908911190257
2003-01-31,1.24,2.720123300026257,3.024924979391994
2003-02-28,1.26,3.097592789430493,3.132144603923663
2003-03-31,1.25,2.980353039058175,2.1477141996685063
2003-04-30,1.26,2.1518071628942574,1.0631424521920225
2003-05-31,1.26,1.8764347468486473,0.6349016623750425
2003-06-30,1.22,1.9300295812365895,-0.05888879011465191
2003-07-31,1.01,2.034714133086948,0.48582182889527054
2003-08-31,1.03,2.1918685707646275,0.37852139925415657
2003-09-30,1.01,2.350477162137556,0.9363316998081427
2003-10-31,1.01,2.0213744784200363,1.2679010093434366
2003-11-30,1.0,1.910017137341943,1.377502622531266
2003-12-31,0.98,2.014770030411127,1.9647599545641856
2004-01-31,1.0,2.006030944667475,1.2682820040776714
2004-02-29,1.01,1.6743572361286712,1.7509705222010337
2004-03-31,1.0,1.7251101669768416,1.6132920720870167
2004-04-30,1.0,2.2666917564292057,2.5815135205763013
2004-05-31,1.0,2.8565671754459125,3.3285665343309594
2004-06-30,1.03,3.118532282699885,2.417571182556975
2004-07-31,1.26,2.897198344333197,2.6494455958637717
2004-08-31,1.43,2.515519313719588,2.9349580497980536
2004-09-30,1.61,2.507466659637566,2.4193013153995375
2004-10-31,1.76,3.1410620621106937,3.1457469132811293
2004-11-30,1.93,3.557582497327385,2.725523253460843
2004-12-31,2.16,3.2876768004108943,3.489552750613454
2005-01-31,2.28,2.8051587929217305,3.69649804029702
2005-02-28,2.5,3.007348768392921,3.8183520356580924
2005-03-31,2.63,3.156495615442493,4.084009642573173
2005-04-30,2.79,3.306520060862834,3.9282792693747086
2005-05-31,3.0,2.828894769119747,3.2984762513861705
2005-06-30,3.04,2.5092795905486294,4.5305130477514375
2005-07-31,3.26,3.0210630849103315,3.468978450563075
2005-08-31,3.5,3.5820076584522713,3.7272606132824135
2005-09-30,3.62,4.6328408046646254,1.6438593005124145
2005-10-31,3.78,4.258145205596446,2.000760967510052
2005-11-30,4.0,3.2840303652906395,2.87047708456022
2005-12-31,4.16,3.2840303652906395,2.5920223408897396
2006-01-31,4.29,3.9401361681988982,2.3906744493943486
2006-02-28,4.49,3.573631929613176,1.7095398611510442
2006-03-31,4.59,3.3608050987300735,2.0699693050874197
2006-04-30,4.79,3.550068538934228,2.1581576050322164
2006-05-31,4.94,3.9002157803269175,2.0935970079881563
2006-06-30,4.99,4.096653750655852,1.9609850138842415
2006-07-31,5.24,4.022664031825395,2.226856992152776
2006-08-31,5.25,3.8514387586323933,2.3393920453299946
2006-09-30,5.25,1.9920977494554348,4.129478686590696
2006-10-31,5.25,1.3965314248641347,2.808298150257
2006-11-30,5.25,1.9495743696699621,1.6485032252738094
2006-12-31,5.24,2.4926514881833652,2.1475085785196066
2007-01-31,5.25,2.05451474238225,1.650961958996347
2007-02-28,5.26,2.3914366248373273,2.5466588717299103
2007-03-31,5.26,2.7597630847541503,2.4993089506856268
2007-04-30,5.25,2.55987849490166,2.866133096533843
2007-05-31,5.25,2.673818476248756,2.936313788373719
2007-06-30,5.25,2.657148166818345,2.6778576451020464
2007-07-31,5.26,2.2914355222603735,2.6091066246559786
2007-08-31,5.02,1.8796714465867308,2.363596675307485
2007-09-30,4.94,2.7944163782901548,2.7519055894431266
2007-10-31,4.76,3.547040458223712,2.584247063604343
2007-11-30,4.49,4.280339658269746,3.158361506109461
2007-12-31,4.24,4.026644880051255,2.179062867071779
2008-01-31,3.94,4.2050318111453215,2.3855121264066175
2008-02-29,2.98,4.059437761536767,1.0546981058257803
2008-03-31,2.61,3.897937201491333,0.5717876807872438
2008-04-30,2.28,3.829490949842318,-0.7455398884005514
2008-05-31,1.98,4.0070484909622675,-1.4487525542849626
2008-06-30,2.0,4.818013152732991,-1.73998606490538
2008-07-31,2.01,5.35171844541535,-1.9779808004119597
2008-08-31,2.0,5.171936664573997,-3.7528263194579767
2008-09-30,1.81,4.8345492699975186,-8.47959905485592
2008-10-31,0.97,3.6631381899317397,-7.207960872579773
2008-11-30,0.39,1.0939123723626152,-9.068897358310556
2008-12-31,0.16,-0.02223047334049117,-11.96419311433266
2009-01-31,0.15,-0.1136505768311072,-14.357673806250096
2009-02-28,0.22,0.008462782567965038,-14.5751241813848
2009-03-31,0.18,-0.4474784608338522,-15.848044863872273
2009-04-30,0.15,-0.5779915821649152,-16.033260791166892
2009-05-31,0.18,-1.0209555557125871,-16.44073136576594
2009-06-30,0.21,-1.2367914498850108,-16.584776237891422
2009-07-31,0.16,-1.9781989747510613,-15.104059546473273
2009-08-31,0.16,-1.4949545348335982,-12.430889854137352
2009-09-30,0.15,-1.3875246181173577,-7.048554700434612
2009-10-31,0.12,-0.22421947830295638,-7.768603596551207
2009-11-30,0.12,1.8964895854719115,-6.0068657683157625
2009-12-31,0.12,2.7752542063599206,-2.741460081437527
2010-01-31,0.11,2.5873489607178453,0.868521798481535
2010-02-28,0.13,2.128521749898837,1.8535336725393288
2010-03-31,0.16,2.2604301286158215,4.114839347867625
2010-04-30,0.2,2.182773961183641,5.286006474177777
2010-05-31,0.2,1.983742011461404,7.642950735472461
2010-06-30,0.18,1.1153177381444417,8.205294560772767
2010-07-31,0.18,1.3318695897959598,7.46158285022034
2010-08-31,0.19,1.1436132834318025,6.736648298075315
2010-09-30,0.19,1.1121053678140096,6.153415727915752
2010-10-31,0.19,1.1599417381349781,5.600463438698175
2010-11-30,0.19,1.0787057695652416,5.254509371783131
2010-12-31,0.18,1.4275547979704057,5.823306283773548
2011-01-31,0.17,1.686482098466286,4.5284068217758335
2011-02-28,0.16,2.102637011283329,3.7559375997720896
2011-03-31,0.14,2.5855268252593513,4.107500594220018
2011-04-30,0.1,3.030837022377349,3.445295036032544
2011-05-31,0.09,3.400494117946857,2.2239771612834858
2011-06-30,0.09,3.4423824057196497,2.3412584365770117
2011-07-31,0.07,3.5172925914501225,2.4537794489509706
2011-08-31,0.1,3.686212647617394,2.7608302709259966
2011-09-30,0.08,3.7417373621399235,2.383745484891959
2011-10-31,0.07,3.461655459657946,3.3591582681248906
2011-11-30,0.08,3.39320626178412,3.2635806886714342
2011-12-31,0.07,3.016121142095968,2.8190239653497806
2012-01-31,0.08,2.9643908697416395,3.624515241016472
2012-02-29,0.1,2.8569754482859078,4.343440432339713
2012-03-31,0.13,2.550082522860022,2.789423842790813
2012-04-30,0.14,2.247711994561927,3.8297496315535384
2012-05-31,0.16,1.7230134384216882,3.93986917166529
2012-06-30,0.16,1.6403429586642766,3.6433668592995176
2012-07-31,0.16,1.4075587298480354,3.36153969257997
2012-08-31,0.13,1.67188077526924,2.2598682640048127
2012-09-30,0.14,1.930953416026779,2.269214517929497
2012-10-31,0.16,2.1327719237692166,1.9243671881246558
2012-11-30,0.16,1.780081818311911,2.299120175131133
2012-12-31,0.16,1.744204900550439,2.0065686750343694
2013-01-31,0.14,1.6700386614722407,1.4364242757962955
2013-02-28,0.15,1.998045942680982,1.5819744153003388
2013-03-31,0.14,1.5073297321459094,2.5031406628013793
2013-04-30,0.15,1.1323724421043693,1.7000303597187219
2013-05-31,0.11,1.3808115942114958,1.5474428494752315
2013-06-30,0.09,1.7012400261643426,1.7491920487344863
2013-07-31,0.09,1.867917101833844,1.2288384241452466
2013-08-31,0.08,1.5270898906586445,2.234211695028641
2013-09-30,0.08,1.088785270925908,2.814777157659293
2013-10-31,0.09,0.8729775818350007,2.3890766931666776
2013-11-30,0.08,1.2253322438004777,2.2563188311254057
2013-12-31,0.09,1.5015090867017382,2.220507312477259
2014-01-31,0.07,1.5457502818112003,1.8396027756541076
2014-02-28,0.07,1.1142438176858054,2.12585286148248
2014-03-31,0.08,1.5998291291058797,2.6876646038310503
2014-04-30,0.09,1.9950903592962828,2.87071930597032
2014-05-31,0.09,2.143803132391486,3.1750840797103885
2014-06-30,0.1,2.0380712080756815,3.310437075493443
2014-07-31,0.09,1.9550025496311585,3.842990831868277
2014-08-31,0.09,1.700556571597969,3.077460825307799
2014-09-30,0.09,1.6700280492135673,2.8572233432144953
2014-10-31,0.09,1.5967259137863035,2.9480610871910984
2014-11-30,0.09,1.2240034107743694,3.3300402214372067
2014-12-31,0.12,0.6509977956253448,3.1212702728531663
2015-01-31,0.11,-0.23019572538082253,2.689740698592923
2015-02-28,0.11,-0.08706935730118465,1.2962997721998573
2015-03-31,0.11,-0.022033711667848864,-0.0027479861189067026
2015-04-30,0.12,-0.10408513918598254,-0.6465428469033607
2015-05-31,0.12,0.03502708304525636,-1.4712579285392455
2015-06-30,0.13,0.1794107723371414,-2.12889115879652
2015-07-31,0.13,0.22543182246149673,-1.7047614915356415
2015-08-31,0.14,0.24101312842332362,-1.6997987833169237
2015-09-30,0.14,0.008842570667366297,-2.2662274896873895
2015-10-31,0.12,0.12753519995019924,-2.7628846300428562
2015-11-30,0.12,0.4353691087395557,-4.116651538230336
2015-12-31,0.24,0.6366935496002728,-4.6003570851260704
2016-01-31,0.34,1.229908030803783,-3.289780752387016
2016-02-29,0.38,0.8437083293304002,-3.1690168616855363
2016-03-31,0.36,0.8876646705649733,-3.5785857591495986
2016-04-30,0.37,1.1658037736477613,-2.6938645921293904
2016-05-31,0.37,1.0727023823578725,-2.4786185796307314
2016-06-30,0.38,1.0735038085898563,-1.6923578791117073
2016-07-31,0.39,0.8646147538590877,-2.221225862676143
2016-08-31,0.4,1.0497862708118797,-2.1880267559707955
2016-09-30,0.4,1.5367755028160166,-2.0140991333425573
2016-10-31,0.4,1.671870990986908,-1.5137812015703567
2016-11-30,0.41,1.6703058710160663,-1.1933703009724401
2016-12-31,0.54,2.0300531865359805,-0.020498517968352732
2017-01-31,0.65,2.4794005969470683,-0.806370588324665
2017-02-28,0.66,2.771595651900376,-0.6888260858595434
2017-03-31,0.79,2.4118752711201754,0.7136541790337253
2017-04-30,0.9,2.1528817669153053,1.3896012736654417
2017-05-31,0.91,1.8393234242362722,1.7349417238220466
2017-06-30,1.04,1.627253925238295,1.4694809031860177
2017-07-31,1.15,1.7103963201701737,1.1125846787969285
2017-08-31,1.16,1.909768827030412,0.8486898844542431
2017-09-30,1.15,2.1571309611642544,1.0574231541419037
2017-10-31,1.15,2.0006113975012934,2.266123887059192
2017-11-30,1.16,2.149231528568953,2.92312743768665
2017-12-31,1.3,2.1075647246180926,2.4372009651110416
2018-01-31,1.41,2.1285046284350315,2.698546955974749
2018-02-28,1.42,2.238232574723051,3.3429895483449794
2018-03-31,1.51,2.3041980457610656,3.1739008951917627
2018-04-30,1.69,2.4409609642524877,3.2561654350064853
2018-05-31,1.7,2.7439291721927397,2.2332954145207036
2018-06-30,1.82,2.7688614662420257,2.801429704395318
2018-07-31,1.91,2.814153417360842,3.2024927606123623
2018-08-31,1.91,2.608602043805217,4.261482433655088
2018-09-30,1.95,2.305278203027008,4.223372800194267
2018-10-31,2.19,2.461487757121053,2.8887386618088766
2018-11-30,2.2,2.1245982977308704,2.729082436195893
2018-12-31,2.27,1.982596922316762,2.558249634190268
2019-01-31,2.4,1.4766332681220313,1.893599925855628
2019-02-28,2.4,1.5074423162215969,1.1035304139436586
2019-03-31,2.41,1.8656739167138385,0.6524229997593493
2019-04-30,2.42,1.9808347575986145,-1.0300329046739138
2019-05-31,2.39,1.7799745959560211,-0.010156527726292362
2019-06-30,2.38,1.657384090415683,-0.7396616510660965
2019-07-31,2.4,1.8098542197342107,-1.3870291053269501
2019-08-31,2.13,1.7227168654439544,-1.348729532813472
2019-09-30,2.04,1.6704673825508602,-1.7527282326512021
2019-10-31,1.83,1.7191119291485153,-2.4902254934305073
2019-11-30,1.55,2.070702599713019,-2.068855514353038
2019-12-31,1.55,2.2930353112747377,-2.3260241481537873
2020-01-31,1.55,2.566548531176345,-2.317015702322562
2020-02-29,1.58,2.3143283045387144,-1.433446707714876
2020-03-31,0.65,1.4829891206053296,-5.461517377071483
2020-04-30,0.05,0.31255832121128474,-19.017167564500895
2020-05-31,0.05,0.19800514395234198,-17.492185946287865
2020-06-30,0.08,0.7141005055379505,-11.189363982160959
2020-07-31,0.09,0.9919288416800202,-7.024592365144325
2020-08-31,0.1,1.272933563745342,-6.733968805509381
2020-09-30,0.09,1.3814369605232295,-6.382519539934657
2020-10-31,0.09,1.2228786101181321,-4.73294078977599
2020-11-30,0.09,1.1688870339403774,-4.880507542197371
2020-12-31,0.09,1.3117775848018642,-3.336553581646612
2021-01-31,0.09,1.3644920352352425,-2.1525871669815277
2021-02-28,0.08,1.6560286184348536,-5.8483050125249205
2021-03-31,0.07,2.632853015763096,0.9988162308226309
2021-04-30,0.07,4.049948282641079,15.316849920100287
2021-05-31,0.06,4.801135706806364,14.56003425289381
2021-06-30,0.08,5.160175670148394,8.579594049803548
2021-07-31,0.1,5.1122388906478475,5.353968964229447
2021-08-31,0.09,5.023688194741347,4.172880111690946
2021-09-30,0.08,5.212949279021375,2.9680125145707903
2021-10-31,0.08,6.0483834403275,3.5008691288848155
2021-11-30,0.08,6.6742064087263975,3.8235092800012422
2021-12-31,0.08,6.928667098426382,2.221513767596283
2022-01-31,0.08,7.286754203155345,1.3095223095462916
2022-02-28,0.08,7.638012027240038,5.287318003183897
2022-03-31,0.2,8.224524921416295,3.0086919088747663
2022-04-30,0.33,7.9104582578935965,2.8815180925759067
2022-05-31,0.77,8.193173337717488,1.89299898540515
2022-06-30,1.21,8.598833063458912,1.214356160365785
2022-07-31,1.68,8.123501254378326,0.9639985132570089
2022-08-31,2.33,7.901983867414968,1.0466437397034687
2022-09-30,2.56,7.87382285621273,2.432199480547523
2022-10-31,3.08,7.472533972171916,1.0591891078772913
2022-11-30,3.78,6.88061809890154,0.08898993058806767
2022-12-31,4.1,6.207862684902532,-0.8048401478637459
2023-01-31,4.33,6.135074417716258,0.3183011757086809
2023-02-28,4.57,5.787091136902901,-0.16361546082776923
2023-03-31,4.65,4.80062318594435,-0.36579044319787934
2023-04-30,4.83,4.831462139426259,-0.18451555115864166
2023-05-31,5.06,4.0487710474865315,-0.40037213187393866
2023-06-30,5.08,3.024416997387201,-0.8933247434292668
2023-07-31,5.12,3.2348589381847344,-0.312967622448847
2023-08-31,5.33,3.6548924058198438,-0.2545367322614933
2023-09-30,5.33,3.620855266978589,-0.26760543845322526
2023-10-31,5.33,3.1995306406085313,-0.7773120679349628
2023-11-30,5.33,3.085258896360219,-0.09047707201971093
2023-12-31,5.33,3.262119514850138,0.8351619016677081
2024-01-31,5.33,3.041613352594894,-1.2844690090806836
2024-02-29,5.33,3.108263228906804,-0.3549558638936807
2024-03-31,5.33,3.4274219709797973,-0.5588714056934238
2024-04-30,5.33,3.3055546801244096,-1.0021106569367937
2024-05-31,5.33,3.192763108768695,-0.06501757487519053
2024-06-30,5.33,2.9270002762863916,0.7704989424971371
2024-07-31,5.33,2.8990444577876984,-0.9269171074808031
2024-08-31,5.33,2.573737873641775,-0.40582317750283303
2024-09-30,5.13,2.39751165349603,-1.2077057801371123
2024-10-31,4.83,2.5461527181436883,-0.9997162361943359
2024-11-30,4.64,2.6831518244157313,-1.570204386307299
2024-12-31,4.48,2.8302586032356896,-0.2745230917861187
2025-01-31,4.33,2.947120916169289,0.8454189359275042
2025-02-28,4.33,2.7630570102685317,0.8087069726661474
2025-03-31,4.33,2.3540548856848638,0.5785684376915333
2025-04-30,4.33,2.2987630473163914,0.8784823738986992
2025-05-31,4.33,2.349448153127192,0.10157139235759417
2025-06-30,4.33,2.6451590202880437,0.5776492609344394
2025-07-31,4.33,2.7056821032835927,1.900590078016885
2025-08-31,4.33,2.8962427776042956,1.181668700330567
2025-09-30,4.22,2.9777919832690074,1.8460254495266781
2025-11-30,3.88,2.6607304412109323,1.7852136127209397
2025-12-31,3.72,2.6187145118178154,1.2716908049938505
2026-01-31,3.64,2.3630599411519415,1.5181281755032165
2026-02-28,3.64,2.4048542884178348,1.223648585006223
2026-03-31,3.64,3.233124433257678,0.7389465770180672
