observation_date,CANCPIALLMINMEI
1914-01-01,4.7405850000000003
1914-02-01,4.7405850000000003
1914-03-01,4.7405850000000003
1914-04-01,4.7405850000000003
1914-05-01,4.6615750000000000
1914-06-01,4.7405850000000003
1914-07-01,4.6615750000000000
1914-08-01,4.7405850000000003
1914-09-01,4.7405850000000003
1914-10-01,4.8195940000000004
1914-11-01,4.8195940000000004
1914-12-01,4.8195940000000004
1915-01-01,4.8195940000000004
1915-02-01,4.8195940000000004
1915-03-01,4.8195940000000004
1915-04-01,4.8195940000000004
1915-05-01,4.8195940000000004
1915-06-01,4.8195940000000004
1915-07-01,4.8195940000000004
1915-08-01,4.8195940000000004
1915-09-01,4.8195940000000004
1915-10-01,4.8195940000000004
1915-11-01,4.9776140000000000
1915-12-01,4.9776140000000000
1916-01-01,5.0566230000000001
1916-02-01,5.1356330000000003
1916-03-01,5.1356330000000003
1916-04-01,5.1356330000000003
1916-05-01,5.1356330000000003
1916-06-01,5.2146429999999997
1916-07-01,5.2146429999999997
1916-08-01,5.2146429999999997
1916-09-01,5.3726629999999993
1916-10-01,5.4516730000000004
1916-11-01,5.6096919999999999
1916-12-01,5.6887019999999993
1917-01-01,5.8467209999999996
1917-02-01,5.8467209999999996
1917-03-01,6.0047410000000001
1917-04-01,6.0047410000000001
1917-05-01,6.2417699999999998
1917-06-01,6.3207800000000001
1917-07-01,6.3207800000000001
1917-08-01,6.3207800000000001
1917-09-01,6.3207800000000001
1917-10-01,6.4787990000000004
1917-11-01,6.4787990000000004
1917-12-01,6.5578089999999998
1918-01-01,6.6368179999999990
1918-02-01,6.7158280000000001
1918-03-01,6.7948380000000004
1918-04-01,6.7948380000000004
1918-05-01,6.8738479999999997
1918-06-01,6.9528570000000007
1918-07-01,7.0318670000000001
1918-08-01,7.2688969999999999
1918-09-01,7.2688969999999999
1918-10-01,7.3479060000000000
1918-11-01,7.4269160000000003
1918-12-01,7.4269160000000003
1919-01-01,7.5059259999999997
1919-02-01,7.4269160000000003
1919-03-01,7.4269160000000003
1919-04-01,7.4269160000000003
1919-05-01,7.6639450000000000
1919-06-01,7.6639450000000000
1919-07-01,7.7429550000000003
1919-08-01,7.9009740000000015
1919-09-01,7.9009740000000015
1919-10-01,7.9009740000000015
1919-11-01,7.9799840000000000
1919-12-01,8.0589940000000002
1920-01-01,8.3750330000000002
1920-02-01,8.5330519999999996
1920-03-01,8.8490920000000006
1920-04-01,8.9281020000000009
1920-05-01,9.1651310000000006
1920-06-01,9.3231500000000000
1920-07-01,9.3231500000000000
1920-08-01,9.2441399999999998
1920-09-01,9.0861210000000003
1920-10-01,9.0861210000000003
1920-11-01,8.9281020000000009
1920-12-01,8.8490920000000006
1921-01-01,8.6910720000000001
1921-02-01,8.5330519999999996
1921-03-01,8.2960229999999999
1921-04-01,8.0589940000000002
1921-05-01,7.9009740000000015
1921-06-01,7.6639450000000000
1921-07-01,7.6639450000000000
1921-08-01,7.6639450000000000
1921-09-01,7.6639450000000000
1921-10-01,7.6639450000000000
1921-11-01,7.4269160000000003
1921-12-01,7.4269160000000003
1922-01-01,7.4269160000000003
1922-02-01,7.3479060000000000
1922-03-01,7.2688969999999999
1922-04-01,7.2688969999999999
1922-05-01,7.1898869999999997
1922-06-01,7.1898869999999997
1922-07-01,7.1898869999999997
1922-08-01,7.2688969999999999
1922-09-01,7.2688969999999999
1922-10-01,7.2688969999999999
1922-11-01,7.2688969999999999
1922-12-01,7.2688969999999999
1923-01-01,7.2688969999999999
1923-02-01,7.2688969999999999
1923-03-01,7.3479060000000000
1923-04-01,7.2688969999999999
1923-05-01,7.2688969999999999
1923-06-01,7.2688969999999999
1923-07-01,7.1898869999999997
1923-08-01,7.2688969999999999
1923-09-01,7.2688969999999999
1923-10-01,7.2688969999999999
1923-11-01,7.2688969999999999
1923-12-01,7.2688969999999999
1924-01-01,7.2688969999999999
1924-02-01,7.2688969999999999
1924-03-01,7.2688969999999999
1924-04-01,7.1108770000000003
1924-05-01,7.0318670000000001
1924-06-01,6.9528570000000007
1924-07-01,6.9528570000000007
1924-08-01,7.1108770000000003
1924-09-01,7.1108770000000003
1924-10-01,7.1108770000000003
1924-11-01,7.1898869999999997
1924-12-01,7.1898869999999997
1925-01-01,7.2688969999999999
1925-02-01,7.2688969999999999
1925-03-01,7.2688969999999999
1925-04-01,7.1898869999999997
1925-05-01,7.1108770000000003
1925-06-01,7.1108770000000003
1925-07-01,7.1108770000000003
1925-08-01,7.1898869999999997
1925-09-01,7.1898869999999997
1925-10-01,7.2688969999999999
1925-11-01,7.2688969999999999
1925-12-01,7.3479060000000000
1926-01-01,7.2688969999999999
1926-02-01,7.2688969999999999
1926-03-01,7.2688969999999999
1926-04-01,7.2688969999999999
1926-05-01,7.2688969999999999
1926-06-01,7.2688969999999999
1926-07-01,7.2688969999999999
1926-08-01,7.2688969999999999
1926-09-01,7.2688969999999999
1926-10-01,7.2688969999999999
1926-11-01,7.2688969999999999
1926-12-01,7.2688969999999999
1927-01-01,7.2688969999999999
1927-02-01,7.2688969999999999
1927-03-01,7.1898869999999997
1927-04-01,7.1108770000000003
1927-05-01,7.1108770000000003
1927-06-01,7.1108770000000003
1927-07-01,7.1898869999999997
1927-08-01,7.1108770000000003
1927-09-01,7.1108770000000003
1927-10-01,7.1108770000000003
1927-11-01,7.1898869999999997
1927-12-01,7.1898869999999997
1928-01-01,7.2688969999999999
1928-02-01,7.2688969999999999
1928-03-01,7.1898869999999997
1928-04-01,7.1898869999999997
1928-05-01,7.1108770000000003
1928-06-01,7.1108770000000003
1928-07-01,7.1108770000000003
1928-08-01,7.2688969999999999
1928-09-01,7.2688969999999999
1928-10-01,7.2688969999999999
1928-11-01,7.2688969999999999
1928-12-01,7.2688969999999999
1929-01-01,7.2688969999999999
1929-02-01,7.2688969999999999
1929-03-01,7.2688969999999999
1929-04-01,7.1898869999999997
1929-05-01,7.2688969999999999
1929-06-01,7.2688969999999999
1929-07-01,7.2688969999999999
1929-08-01,7.2688969999999999
1929-09-01,7.2688969999999999
1929-10-01,7.3479060000000000
1929-11-01,7.3479060000000000
1929-12-01,7.4269160000000003
1930-01-01,7.4269160000000003
1930-02-01,7.4269160000000003
1930-03-01,7.3479060000000000
1930-04-01,7.2688969999999999
1930-05-01,7.2688969999999999
1930-06-01,7.2688969999999999
1930-07-01,7.2688969999999999
1930-08-01,7.2688969999999999
1930-09-01,7.0318670000000001
1930-10-01,7.0318670000000001
1930-11-01,7.0318670000000001
1930-12-01,6.9528570000000007
1931-01-01,6.8738479999999997
1931-02-01,6.7948380000000004
1931-03-01,6.7158280000000001
1931-04-01,6.6368179999999990
1931-05-01,6.5578089999999998
1931-06-01,6.4787990000000004
1931-07-01,6.3997890000000002
1931-08-01,6.4787990000000004
1931-09-01,6.3997890000000002
1931-10-01,6.2417699999999998
1931-11-01,6.2417699999999998
1931-12-01,6.2417699999999998
1932-01-01,6.1627599999999996
1932-02-01,6.0047410000000001
1932-03-01,6.0047410000000001
1932-04-01,6.0047410000000001
1932-05-01,5.8467209999999996
1932-06-01,5.8467209999999996
1932-07-01,5.8467209999999996
1932-08-01,5.8467209999999996
1932-09-01,5.8467209999999996
1932-10-01,5.7677110000000003
1932-11-01,5.7677110000000003
1932-12-01,5.7677110000000003
1933-01-01,5.6887019999999993
1933-02-01,5.6887019999999993
1933-03-01,5.6096919999999999
1933-04-01,5.6096919999999999
1933-05-01,5.6096919999999999
1933-06-01,5.6096919999999999
1933-07-01,5.6096919999999999
1933-08-01,5.6887019999999993
1933-09-01,5.6887019999999993
1933-10-01,5.6096919999999999
1933-11-01,5.6096919999999999
1933-12-01,5.6096919999999999
1934-01-01,5.6887019999999993
1934-02-01,5.6887019999999993
1934-03-01,5.7677110000000003
1934-04-01,5.7677110000000003
1934-05-01,5.6887019999999993
1934-06-01,5.6887019999999993
1934-07-01,5.6887019999999993
1934-08-01,5.6887019999999993
1934-09-01,5.6887019999999993
1934-10-01,5.6887019999999993
1934-11-01,5.6887019999999993
1934-12-01,5.6887019999999993
1935-01-01,5.6887019999999993
1935-02-01,5.6887019999999993
1935-03-01,5.6887019999999993
1935-04-01,5.6887019999999993
1935-05-01,5.6887019999999993
1935-06-01,5.6887019999999993
1935-07-01,5.6887019999999993
1935-08-01,5.6887019999999993
1935-09-01,5.7677110000000003
1935-10-01,5.7677110000000003
1935-11-01,5.8467209999999996
1935-12-01,5.8467209999999996
1936-01-01,5.8467209999999996
1936-02-01,5.8467209999999996
1936-03-01,5.8467209999999996
1936-04-01,5.7677110000000003
1936-05-01,5.7677110000000003
1936-06-01,5.7677110000000003
1936-07-01,5.8467209999999996
1936-08-01,5.8467209999999996
1936-09-01,5.8467209999999996
1936-10-01,5.9257309999999999
1936-11-01,5.9257309999999999
1936-12-01,5.9257309999999999
1937-01-01,6.0047410000000001
1937-02-01,6.0047410000000001
1937-03-01,6.0047410000000001
1937-04-01,6.0047410000000001
1937-05-01,6.0047410000000001
1937-06-01,6.0047410000000001
1937-07-01,6.0047410000000001
1937-08-01,6.0837500000000002
1937-09-01,6.0837500000000002
1937-10-01,6.1627599999999996
1937-11-01,6.1627599999999996
1937-12-01,6.1627599999999996
1938-01-01,6.0837500000000002
1938-02-01,6.0837500000000002
1938-03-01,6.1627599999999996
1938-04-01,6.1627599999999996
1938-05-01,6.0837500000000002
1938-06-01,6.0837500000000002
1938-07-01,6.1627599999999996
1938-08-01,6.1627599999999996
1938-09-01,6.0837500000000002
1938-10-01,6.0047410000000001
1938-11-01,6.0047410000000001
1938-12-01,6.0047410000000001
1939-01-01,6.0047410000000001
1939-02-01,6.0047410000000001
1939-03-01,6.0047410000000001
1939-04-01,6.0047410000000001
1939-05-01,6.0047410000000001
1939-06-01,6.0047410000000001
1939-07-01,6.0047410000000001
1939-08-01,6.0047410000000001
1939-09-01,6.0047410000000001
1939-10-01,6.1627599999999996
1939-11-01,6.1627599999999996
1939-12-01,6.1627599999999996
1940-01-01,6.1627599999999996
1940-02-01,6.1627599999999996
1940-03-01,6.2417699999999998
1940-04-01,6.2417699999999998
1940-05-01,6.2417699999999998
1940-06-01,6.2417699999999998
1940-07-01,6.3207800000000001
1940-08-01,6.3207800000000001
1940-09-01,6.3997890000000002
1940-10-01,6.3997890000000002
1940-11-01,6.3997890000000002
1940-12-01,6.4787990000000004
1941-01-01,6.4787990000000004
1941-02-01,6.4787990000000004
1941-03-01,6.4787990000000004
1941-04-01,6.4787990000000004
1941-05-01,6.4787990000000004
1941-06-01,6.6368179999999990
1941-07-01,6.7158280000000001
1941-08-01,6.7948380000000004
1941-09-01,6.8738479999999997
1941-10-01,6.8738479999999997
1941-11-01,6.9528570000000007
1941-12-01,6.8738479999999997
1942-01-01,6.8738479999999997
1942-02-01,6.8738479999999997
1942-03-01,6.9528570000000007
1942-04-01,6.9528570000000007
1942-05-01,6.9528570000000007
1942-06-01,6.9528570000000007
1942-07-01,7.0318670000000001
1942-08-01,7.0318670000000001
1942-09-01,6.9528570000000007
1942-10-01,7.0318670000000001
1942-11-01,7.1108770000000003
1942-12-01,7.1108770000000003
1943-01-01,6.9528570000000007
1943-02-01,6.9528570000000007
1943-03-01,6.9528570000000007
1943-04-01,7.1108770000000003
1943-05-01,7.1108770000000003
1943-06-01,7.1108770000000003
1943-07-01,7.1898869999999997
1943-08-01,7.1898869999999997
1943-09-01,7.2688969999999999
1943-10-01,7.2688969999999999
1943-11-01,7.2688969999999999
1943-12-01,7.2688969999999999
1944-01-01,7.1898869999999997
1944-02-01,7.1898869999999997
1944-03-01,7.1898869999999997
1944-04-01,7.1898869999999997
1944-05-01,7.1898869999999997
1944-06-01,7.1898869999999997
1944-07-01,7.1898869999999997
1944-08-01,7.1898869999999997
1944-09-01,7.1898869999999997
1944-10-01,7.1898869999999997
1944-11-01,7.1898869999999997
1944-12-01,7.1108770000000003
1945-01-01,7.1108770000000003
1945-02-01,7.1898869999999997
1945-03-01,7.1898869999999997
1945-04-01,7.1898869999999997
1945-05-01,7.1898869999999997
1945-06-01,7.2688969999999999
1945-07-01,7.2688969999999999
1945-08-01,7.2688969999999999
1945-09-01,7.2688969999999999
1945-10-01,7.2688969999999999
1945-11-01,7.2688969999999999
1945-12-01,7.2688969999999999
1946-01-01,7.2688969999999999
1946-02-01,7.2688969999999999
1946-03-01,7.2688969999999999
1946-04-01,7.2688969999999999
1946-05-01,7.2688969999999999
1946-06-01,7.4269160000000003
1946-07-01,7.5059259999999997
1946-08-01,7.5849359999999999
1946-09-01,7.5849359999999999
1946-10-01,7.6639450000000000
1946-11-01,7.6639450000000000
1946-12-01,7.6639450000000000
1947-01-01,7.6639450000000000
1947-02-01,7.6639450000000000
1947-03-01,7.7429550000000003
1947-04-01,7.8219649999999996
1947-05-01,7.9799840000000000
1947-06-01,8.0589940000000002
1947-07-01,8.1380029999999994
1947-08-01,8.1380029999999994
1947-09-01,8.3750330000000002
1947-10-01,8.5330519999999996
1947-11-01,8.6120619999999999
1947-12-01,8.7700820000000004
1948-01-01,8.8490920000000006
1948-02-01,9.0071110000000001
1948-03-01,9.0071110000000001
1948-04-01,9.0861210000000003
1948-05-01,9.1651310000000006
1948-06-01,9.3231500000000000
1948-07-01,9.3231500000000000
1948-08-01,9.4021600000000003
1948-09-01,9.5601789999999998
1948-10-01,9.5601789999999998
1948-11-01,9.5601789999999998
1948-12-01,9.5601789999999998
1949-01-01,9.5601789999999998
1949-02-01,9.5601789999999998
1949-03-01,9.5601789999999998
1949-04-01,9.5601789999999998
1949-05-01,9.5601789999999998
1949-06-01,9.5601789999999998
1949-07-01,9.5601789999999998
1949-08-01,9.6391890000000000
1949-09-01,9.6391890000000000
1949-10-01,9.7181990000000003
1949-11-01,9.7181990000000003
1949-12-01,9.6391890000000000
1950-01-01,9.5601789999999998
1950-02-01,9.6391890000000000
1950-03-01,9.7181990000000003
1950-04-01,9.7181990000000003
1950-05-01,9.7181990000000003
1950-06-01,9.7181990000000003
1950-07-01,9.7972090000000005
1950-08-01,9.8762179999999997
1950-09-01,10.0342400000000005
1950-10-01,10.1922599999999992
1950-11-01,10.1922599999999992
1950-12-01,10.1922599999999992
1951-01-01,10.2712699999999995
1951-02-01,10.5083000000000002
1951-03-01,10.5873100000000004
1951-04-01,10.7453299999999992
1951-05-01,10.7453299999999992
1951-06-01,10.9823500000000003
1951-07-01,10.9823500000000003
1951-08-01,11.0613600000000005
1951-09-01,11.1403700000000008
1951-10-01,11.2193799999999992
1951-11-01,11.2983899999999995
1951-12-01,11.2983899999999995
1952-01-01,11.3773999999999997
1952-02-01,11.2983899999999995
1952-03-01,11.2193799999999992
1952-04-01,11.2193799999999992
1952-05-01,11.1403700000000008
1952-06-01,11.1403700000000008
1952-07-01,11.1403700000000008
1952-08-01,11.1403700000000008
1952-09-01,11.1403700000000008
1952-10-01,11.1403700000000008
1952-11-01,11.1403700000000008
1952-12-01,11.1403700000000008
1953-01-01,11.1403700000000008
1953-02-01,11.0613600000000005
1953-03-01,10.9823500000000003
1953-04-01,10.9823500000000003
1953-05-01,10.9823500000000003
1953-06-01,10.9823500000000003
1953-07-01,10.9823500000000003
1953-08-01,11.1403700000000008
1953-09-01,11.1403700000000008
1953-10-01,11.2193799999999992
1953-11-01,11.1403700000000008
1953-12-01,11.1403700000000008
1954-01-01,11.1403700000000008
1954-02-01,11.1403700000000008
1954-03-01,11.0613600000000005
1954-04-01,11.0613600000000005
1954-05-01,11.0613600000000005
1954-06-01,11.1403700000000008
1954-07-01,11.1403700000000008
1954-08-01,11.2193799999999992
1954-09-01,11.2193799999999992
1954-10-01,11.2193799999999992
1954-11-01,11.2193799999999992
1954-12-01,11.1403700000000008
1955-01-01,11.1403700000000008
1955-02-01,11.1403700000000008
1955-03-01,11.1403700000000008
1955-04-01,11.1403700000000008
1955-05-01,11.1403700000000008
1955-06-01,11.1403700000000008
1955-07-01,11.1403700000000008
1955-08-01,11.1403700000000008
1955-09-01,11.2193799999999992
1955-10-01,11.2193799999999992
1955-11-01,11.2193799999999992
1955-12-01,11.2193799999999992
1956-01-01,11.2193799999999992
1956-02-01,11.1403700000000008
1956-03-01,11.1403700000000008
1956-04-01,11.1403700000000008
1956-05-01,11.1403700000000008
1956-06-01,11.2983899999999995
1956-07-01,11.3773999999999997
1956-08-01,11.4564100000000000
1956-09-01,11.3773999999999997
1956-10-01,11.4564100000000000
1956-11-01,11.5354200000000002
1956-12-01,11.5354200000000002
1957-01-01,11.5354200000000002
1957-02-01,11.5354200000000002
1957-03-01,11.5354200000000002
1957-04-01,11.6144300000000005
1957-05-01,11.6144300000000005
1957-06-01,11.6934400000000007
1957-07-01,11.6934400000000007
1957-08-01,11.7724499999999992
1957-09-01,11.8514599999999994
1957-10-01,11.8514599999999994
1957-11-01,11.8514599999999994
1957-12-01,11.7724499999999992
1958-01-01,11.8514599999999994
1958-02-01,11.8514599999999994
1958-03-01,11.9304699999999997
1958-04-01,11.9304699999999997
1958-05-01,11.9304699999999997
1958-06-01,11.9304699999999997
1958-07-01,11.9304699999999997
1958-08-01,11.9304699999999997
1958-09-01,12.0884900000000002
1958-10-01,12.0884900000000002
1958-11-01,12.0884900000000002
1958-12-01,12.0884900000000002
1959-01-01,12.0884900000000002
1959-02-01,12.0884900000000002
1959-03-01,12.0094799999999999
1959-04-01,12.0094799999999999
1959-05-01,12.0884900000000002
1959-06-01,11.9304699999999997
1959-07-01,12.0884900000000002
1959-08-01,12.0884900000000002
1959-09-01,12.2465100000000007
1959-10-01,12.2465100000000007
1959-11-01,12.2465100000000007
1959-12-01,12.2465100000000007
1960-01-01,12.2465100000000007
1960-02-01,12.2465100000000007
1960-03-01,12.1675000000000004
1960-04-01,12.2465100000000007
1960-05-01,12.2465100000000007
1960-06-01,12.2465100000000007
1960-07-01,12.2465100000000007
1960-08-01,12.2465100000000007
1960-09-01,12.2465100000000007
1960-10-01,12.4045299999999994
1960-11-01,12.4045299999999994
1960-12-01,12.4045299999999994
1961-01-01,12.4045299999999994
1961-02-01,12.4045299999999994
1961-03-01,12.4045299999999994
1961-04-01,12.4045299999999994
1961-05-01,12.4045299999999994
1961-06-01,12.4045299999999994
1961-07-01,12.4045299999999994
1961-08-01,12.4045299999999994
1961-09-01,12.4045299999999994
1961-10-01,12.4045299999999994
1961-11-01,12.4045299999999994
1961-12-01,12.4045299999999994
1962-01-01,12.4045299999999994
1962-02-01,12.4045299999999994
1962-03-01,12.4045299999999994
1962-04-01,12.4835399999999996
1962-05-01,12.4835399999999996
1962-06-01,12.5625499999999999
1962-07-01,12.5625499999999999
1962-08-01,12.6415600000000001
1962-09-01,12.5625499999999999
1962-10-01,12.6415600000000001
1962-11-01,12.6415600000000001
1962-12-01,12.6415600000000001
1963-01-01,12.6415600000000001
1963-02-01,12.6415600000000001
1963-03-01,12.6415600000000001
1963-04-01,12.6415600000000001
1963-05-01,12.6415600000000001
1963-06-01,12.6415600000000001
1963-07-01,12.7995800000000006
1963-08-01,12.8785900000000009
1963-09-01,12.7995800000000006
1963-10-01,12.7995800000000006
1963-11-01,12.8785900000000009
1963-12-01,12.8785900000000009
1964-01-01,12.8785900000000009
1964-02-01,12.8785900000000009
1964-03-01,12.8785900000000009
1964-04-01,12.9575999999999993
1964-05-01,12.9575999999999993
1964-06-01,12.9575999999999993
1964-07-01,13.0366099999999996
1964-08-01,13.0366099999999996
1964-09-01,13.0366099999999996
1964-10-01,13.0366099999999996
1964-11-01,13.0366099999999996
1964-12-01,13.1156200000000016
1965-01-01,13.1156200000000016
1965-02-01,13.1156200000000016
1965-03-01,13.1156200000000016
1965-04-01,13.1946299999999983
1965-05-01,13.1946299999999983
1965-06-01,13.3526500000000006
1965-07-01,13.3526500000000006
1965-08-01,13.3526500000000006
1965-09-01,13.3526500000000006
1965-10-01,13.3526500000000006
1965-11-01,13.4316600000000008
1965-12-01,13.5106699999999993
1966-01-01,13.5106699999999993
1966-02-01,13.5896799999999995
1966-03-01,13.6686899999999998
1966-04-01,13.7477000000000000
1966-05-01,13.7477000000000000
1966-06-01,13.8267000000000007
1966-07-01,13.8267000000000007
1966-08-01,13.9057099999999991
1966-09-01,13.9057099999999991
1966-10-01,13.9057099999999991
1966-11-01,13.9057099999999991
1966-12-01,13.9847199999999994
1967-01-01,13.9847199999999994
1967-02-01,13.9847199999999994
1967-03-01,14.0637299999999996
1967-04-01,14.1427399999999999
1967-05-01,14.2217500000000001
1967-06-01,14.3007600000000004
1967-07-01,14.3797700000000006
1967-08-01,14.4587800000000009
1967-09-01,14.4587800000000009
1967-10-01,14.4587800000000009
1967-11-01,14.4587800000000009
1967-12-01,14.5377899999999993
1968-01-01,14.6167999999999996
1968-02-01,14.6167999999999996
1968-03-01,14.6958099999999998
1968-04-01,14.6958099999999998
1968-05-01,14.6958099999999998
1968-06-01,14.7748200000000018
1968-07-01,14.9328400000000006
1968-08-01,15.0118500000000008
1968-09-01,15.0118500000000008
1968-10-01,15.0118500000000008
1968-11-01,15.1698699999999995
1968-12-01,15.1698699999999995
1969-01-01,15.1698699999999995
1969-02-01,15.1698699999999995
1969-03-01,15.2488799999999980
1969-04-01,15.4859100000000005
1969-05-01,15.4859100000000005
1969-06-01,15.5649200000000008
1969-07-01,15.6439299999999992
1969-08-01,15.7229399999999995
1969-09-01,15.7229399999999995
1969-10-01,15.7229399999999995
1969-11-01,15.7229399999999995
1969-12-01,15.8809600000000000
1970-01-01,15.9599700000000020
1970-02-01,15.9599700000000020
1970-03-01,15.9599700000000020
1970-04-01,16.0389799999999987
1970-05-01,16.0389799999999987
1970-06-01,16.0389799999999987
1970-07-01,16.1969999999999992
1970-08-01,16.1969999999999992
1970-09-01,16.1179899999999989
1970-10-01,16.1179899999999989
1970-11-01,16.1179899999999989
1970-12-01,16.0389799999999987
1971-01-01,16.1179899999999989
1971-02-01,16.1969999999999992
1971-03-01,16.1969999999999992
1971-04-01,16.3550199999999997
1971-05-01,16.3550199999999997
1971-06-01,16.4340299999999999
1971-07-01,16.5920500000000004
1971-08-01,16.7500700000000009
1971-09-01,16.6710600000000007
1971-10-01,16.7500700000000009
1971-11-01,16.7500700000000009
1971-12-01,16.8290700000000015
1972-01-01,16.9080799999999982
1972-02-01,16.9870899999999985
1972-03-01,17.0660999999999987
1972-04-01,17.1451099999999990
1972-05-01,17.1451099999999990
1972-06-01,17.1451099999999990
1972-07-01,17.3821399999999997
1972-08-01,17.5401600000000002
1972-09-01,17.6191700000000004
1972-10-01,17.6191700000000004
1972-11-01,17.6191700000000004
1972-12-01,17.6981799999999971
1973-01-01,17.8562000000000012
1973-02-01,18.0142200000000017
1973-03-01,18.0142200000000017
1973-04-01,18.2512499999999989
1973-05-01,18.3302599999999991
1973-06-01,18.4882799999999996
1973-07-01,18.7253100000000003
1973-08-01,18.9623400000000011
1973-09-01,19.0413500000000013
1973-10-01,19.1203600000000016
1973-11-01,19.2783799999999985
1973-12-01,19.3573899999999988
1974-01-01,19.5154099999999993
1974-02-01,19.6734299999999998
1974-03-01,19.9104600000000005
1974-04-01,20.0684800000000010
1974-05-01,20.4635200000000026
1974-06-01,20.6215399999999995
1974-07-01,20.7795600000000000
1974-08-01,21.0165900000000008
1974-09-01,21.1746100000000013
1974-10-01,21.4116399999999985
1974-11-01,21.5696599999999989
1974-12-01,21.8066899999999997
1975-01-01,21.8066899999999997
1975-02-01,22.0437200000000004
1975-03-01,22.1227300000000007
1975-04-01,22.2807500000000012
1975-05-01,22.5177799999999984
1975-06-01,22.7548099999999991
1975-07-01,23.0708400000000005
1975-08-01,23.3078700000000012
1975-09-01,23.3868800000000014
1975-10-01,23.5448999999999984
1975-11-01,23.7819299999999991
1975-12-01,23.8609399999999994
1976-01-01,23.9399499999999996
1976-02-01,24.0979700000000001
1976-03-01,24.1769800000000004
1976-04-01,24.2559900000000006
1976-05-01,24.4140100000000011
1976-06-01,24.5720300000000016
1976-07-01,24.7300499999999985
1976-08-01,24.7300499999999985
1976-09-01,24.8880700000000026
1976-10-01,25.0460899999999995
1976-11-01,25.1250999999999998
1976-12-01,25.2041100000000000
1977-01-01,25.4411400000000008
1977-02-01,25.5991600000000012
1977-03-01,25.9151999999999987
1977-04-01,26.0732200000000027
1977-05-01,26.3892600000000002
1977-06-01,26.4682600000000008
1977-07-01,26.7843000000000018
1977-08-01,26.7843000000000018
1977-09-01,27.0213299999999990
1977-10-01,27.2583599999999997
1977-11-01,27.4163800000000002
1977-12-01,27.5744000000000007
1978-01-01,27.7324200000000012
1978-02-01,27.9694499999999984
1978-03-01,28.2064799999999991
1978-04-01,28.2854900000000029
1978-05-01,28.6805400000000006
1978-06-01,28.9175700000000013
1978-07-01,29.3126099999999994
1978-08-01,29.3916199999999996
1978-09-01,29.3126099999999994
1978-10-01,29.7076600000000006
1978-11-01,29.8656800000000011
1978-12-01,29.9446900000000014
1979-01-01,30.1027099999999983
1979-02-01,30.4977599999999995
1979-03-01,30.8138000000000005
1979-04-01,31.0508300000000013
1979-05-01,31.3668699999999987
1979-06-01,31.5248900000000027
1979-07-01,31.7619199999999999
1979-08-01,31.8409300000000002
1979-09-01,32.1569700000000012
1979-10-01,32.3939900000000023
1979-11-01,32.7100300000000033
1979-12-01,32.8680499999999967
1980-01-01,33.0260700000000043
1980-02-01,33.4211200000000019
1980-03-01,33.6581499999999991
1980-04-01,33.8951800000000034
1980-05-01,34.2902300000000011
1980-06-01,34.6852799999999988
1980-07-01,34.9223100000000031
1980-08-01,35.3173600000000008
1980-09-01,35.5543900000000050
1980-10-01,35.8704200000000029
1980-11-01,36.3444799999999972
1980-12-01,36.5024999999999977
1981-01-01,37.0555700000000030
1981-02-01,37.4506200000000007
1981-03-01,37.9246800000000022
1981-04-01,38.1617099999999994
1981-05-01,38.4777500000000003
1981-06-01,39.1098300000000023
1981-07-01,39.4258600000000001
1981-08-01,39.7419000000000011
1981-09-01,40.0579400000000021
1981-10-01,40.4529899999999998
1981-11-01,40.7690300000000008
1981-12-01,40.9270500000000013
1982-01-01,41.2430900000000022
1982-02-01,41.7171400000000006
1982-03-01,42.2702099999999987
1982-04-01,42.5072400000000030
1982-05-01,43.0603100000000012
1982-06-01,43.5343700000000027
1982-07-01,43.7713999999999999
1982-08-01,43.9294200000000004
1982-09-01,44.1664499999999975
1982-10-01,44.4824900000000056
1982-11-01,44.7195200000000028
1982-12-01,44.7195200000000028
1983-01-01,44.6405099999999990
1983-02-01,44.8775400000000033
1983-03-01,45.3515900000000016
1983-04-01,45.3515900000000016
1983-05-01,45.4305999999999983
1983-06-01,45.9046599999999998
1983-07-01,46.1416899999999970
1983-08-01,46.3787200000000013
1983-09-01,46.3787200000000013
1983-10-01,46.6947600000000023
1983-11-01,46.6947600000000023
1983-12-01,46.7737699999999990
1984-01-01,47.0898099999999999
1984-02-01,47.3268399999999971
1984-03-01,47.4058500000000009
1984-04-01,47.5638700000000014
1984-05-01,47.5638700000000014
1984-06-01,47.8799100000000024
1984-07-01,48.0379300000000029
1984-08-01,48.0379300000000029
1984-09-01,48.1169399999999996
1984-10-01,48.2749600000000001
1984-11-01,48.5119800000000012
1984-12-01,48.5119800000000012
1985-01-01,48.7490099999999984
1985-02-01,49.0650499999999994
1985-03-01,49.1440600000000032
1985-04-01,49.3810900000000004
1985-05-01,49.5391100000000009
1985-06-01,49.7761400000000052
1985-07-01,50.0131700000000023
1985-08-01,50.0131700000000023
1985-09-01,50.0921799999999990
1985-10-01,50.2501999999999995
1985-11-01,50.4082200000000000
1985-12-01,50.6452400000000011
1986-01-01,50.8822699999999983
1986-02-01,51.1193000000000026
1986-03-01,51.2773200000000031
1986-04-01,51.2773200000000031
1986-05-01,51.5933599999999970
1986-06-01,51.6723700000000008
1986-07-01,52.0674199999999985
1986-08-01,52.1464300000000023
1986-09-01,52.1464300000000023
1986-10-01,52.4624700000000033
1986-11-01,52.6995000000000005
1986-12-01,52.7785099999999971
1987-01-01,52.9365300000000047
1987-02-01,53.1735600000000019
1987-03-01,53.3315800000000024
1987-04-01,53.6476200000000034
1987-05-01,53.9636599999999973
1987-06-01,54.1216700000000017
1987-07-01,54.4377100000000027
1987-08-01,54.5167199999999923
1987-09-01,54.5167199999999923
1987-10-01,54.6747399999999999
1987-11-01,54.9117699999999971
1987-12-01,54.9907800000000080
1988-01-01,55.0697900000000047
1988-02-01,55.3068200000000019
1988-03-01,55.6228600000000029
1988-04-01,55.7808800000000033
1988-05-01,56.0969199999999972
1988-06-01,56.2549400000000048
1988-07-01,56.5709800000000058
1988-08-01,56.6499900000000025
1988-09-01,56.7289999999999992
1988-10-01,57.0450400000000002
1988-11-01,57.1240499999999969
1988-12-01,57.1240499999999969
1989-01-01,57.4400800000000018
1989-02-01,57.8351300000000066
1989-03-01,58.1511699999999934
1989-04-01,58.3091900000000010
1989-05-01,58.9412700000000029
1989-06-01,59.1783000000000001
1989-07-01,59.5733499999999978
1989-08-01,59.6523600000000016
1989-09-01,59.7313699999999983
1989-10-01,59.9684000000000026
1989-11-01,60.1264200000000031
1989-12-01,60.1264200000000031
1990-01-01,60.6004800000000046
1990-02-01,60.9955199999999920
1990-03-01,61.2325500000000034
1990-04-01,61.2325500000000034
1990-05-01,61.5485899999999972
1990-06-01,61.7856200000000015
1990-07-01,62.0226499999999987
1990-08-01,62.1016600000000025
1990-09-01,62.2596800000000030
1990-10-01,62.8127500000000012
1990-11-01,63.2077900000000028
1990-12-01,63.1287800000000061
1991-01-01,64.7879900000000077
1991-02-01,64.7879900000000077
1991-03-01,65.0250199999999978
1991-04-01,65.0250199999999978
1991-05-01,65.3410599999999988
1991-06-01,65.6570999999999998
1991-07-01,65.7361099999999965
1991-08-01,65.8151199999999932
1991-09-01,65.6570999999999998
1991-10-01,65.5780900000000031
1991-11-01,65.8151199999999932
1991-12-01,65.4990800000000064
1992-01-01,65.8151199999999932
1992-02-01,65.8151199999999932
1992-03-01,66.0521499999999975
1992-04-01,66.1311599999999942
1992-05-01,66.2101699999999909
1992-06-01,66.3681899999999985
1992-07-01,66.5262099999999919
1992-08-01,66.5262099999999919
1992-09-01,66.5262099999999919
1992-10-01,66.6052199999999885
1992-11-01,66.9212600000000037
1992-12-01,66.9212600000000037
1993-01-01,67.1582800000000049
1993-02-01,67.3953099999999949
1993-03-01,67.3162999999999982
1993-04-01,67.3162999999999982
1993-05-01,67.4743199999999916
1993-06-01,67.4743199999999916
1993-07-01,67.6323399999999992
1993-08-01,67.7113499999999959
1993-09-01,67.7113499999999959
1993-10-01,67.8693699999999893
1993-11-01,68.1854100000000045
1993-12-01,68.0273899999999969
1994-01-01,68.0273899999999969
1994-02-01,67.4743199999999916
1994-03-01,67.4743199999999916
1994-04-01,67.4743199999999916
1994-05-01,67.3162999999999982
1994-06-01,67.4743199999999916
1994-07-01,67.7113499999999959
1994-08-01,67.7903599999999926
1994-09-01,67.8693699999999893
1994-10-01,67.7113499999999959
1994-11-01,68.1063999999999936
1994-12-01,68.1854100000000045
1995-01-01,68.4224400000000088
1995-02-01,68.7384800000000098
1995-03-01,68.8965000000000032
1995-04-01,69.1335300000000075
1995-05-01,69.2915500000000009
1995-06-01,69.2915500000000009
1995-07-01,69.4495599999999911
1995-08-01,69.2915500000000009
1995-09-01,69.3705499999999944
1995-10-01,69.2915500000000009
1995-11-01,69.5285700000000020
1995-12-01,69.3705499999999944
1996-01-01,69.5285700000000020
1996-02-01,69.6075799999999987
1996-03-01,69.9236199999999997
1996-04-01,70.0816400000000073
1996-05-01,70.3186699999999973
1996-06-01,70.3186699999999973
1996-07-01,70.3186699999999973
1996-08-01,70.3186699999999973
1996-09-01,70.3976800000000082
1996-10-01,70.5557000000000016
1996-11-01,70.8717400000000026
1996-12-01,70.8717400000000026
1997-01-01,71.0297599999999960
1997-02-01,71.1877800000000036
1997-03-01,71.2667900000000003
1997-04-01,71.2667900000000003
1997-05-01,71.3457999999999970
1997-06-01,71.5038199999999904
1997-07-01,71.5038199999999904
1997-08-01,71.5828300000000013
1997-09-01,71.5828300000000013
1997-10-01,71.5828300000000013
1997-11-01,71.5038199999999904
1997-12-01,71.4248099999999937
1998-01-01,71.8198500000000024
1998-02-01,71.8988599999999991
1998-03-01,71.9778699999999958
1998-04-01,71.8988599999999991
1998-05-01,72.1358900000000034
1998-06-01,72.2149000000000001
1998-07-01,72.2149000000000001
1998-08-01,72.2149000000000001
1998-09-01,72.0568800000000067
1998-10-01,72.3729199999999935
1998-11-01,72.3729199999999935
1998-12-01,72.1358900000000034
1999-01-01,72.2939099999999968
1999-02-01,72.3729199999999935
1999-03-01,72.6889599999999945
1999-04-01,73.0840099999999779
1999-05-01,73.2420299999999997
1999-06-01,73.4000499999999931
1999-07-01,73.5580700000000007
1999-08-01,73.7160900000000225
1999-09-01,73.9531199999999984
1999-10-01,74.0321300000000093
1999-11-01,73.9531199999999984
1999-12-01,74.0321300000000093
2000-01-01,73.8741100000000017
2000-02-01,74.3481699999999961
2000-03-01,74.9012400000000014
2000-04-01,74.6642099999999971
2000-05-01,74.9802499999999981
2000-06-01,75.4543099999999782
2000-07-01,75.6913399999999967
2000-08-01,75.6123300000000000
2000-09-01,75.9283700000000010
2000-10-01,76.0863900000000228
2000-11-01,76.3234099999999955
2000-12-01,76.4024199999999780
2001-01-01,76.0863900000000228
2001-02-01,76.4814300000000031
2001-03-01,76.7184599999999932
2001-04-01,77.2715299999999985
2001-05-01,77.9036100000000005
2001-06-01,77.9826199999999972
2001-07-01,77.7455900000000071
2001-08-01,77.7455900000000071
2001-09-01,77.9036100000000005
2001-10-01,77.5085600000000028
2001-11-01,76.7974699999999899
2001-12-01,76.9554899999999975
2002-01-01,77.1135099999999909
2002-02-01,77.5875699999999995
2002-03-01,78.1406400000000048
2002-04-01,78.6146899999999960
2002-05-01,78.7727100000000036
2002-06-01,78.9307300000000112
2002-07-01,79.4047900000000055
2002-08-01,79.7208300000000065
2002-09-01,79.7208300000000065
2002-10-01,79.9578599999999966
2002-11-01,80.1948900000000009
2002-12-01,79.8788499999999999
2003-01-01,80.5899399999999986
2003-02-01,81.2220200000000006
2003-03-01,81.4590500000000048
2003-04-01,80.9059799999999996
2003-05-01,80.9849899999999963
2003-06-01,80.9849899999999963
2003-07-01,81.0639999999999930
2003-08-01,81.3010300000000115
2003-09-01,81.4590500000000048
2003-10-01,81.2220200000000006
2003-11-01,81.4590500000000048
2003-12-01,81.5380600000000015
2004-01-01,81.6170699999999982
2004-02-01,81.7750900000000058
2004-03-01,82.0911300000000068
2004-04-01,82.2491500000000002
2004-05-01,82.9602300000000099
2004-06-01,83.0392400000000066
2004-07-01,82.9602300000000099
2004-08-01,82.8022199999999771
2004-09-01,82.9602300000000099
2004-10-01,83.1182500000000033
2004-11-01,83.4342900000000043
2004-12-01,83.2762699999999967
2005-01-01,83.1972600000000000
2005-02-01,83.5133000000000010
2005-03-01,83.9873599999999954
2005-04-01,84.2243899999999996
2005-05-01,84.3033999999999963
2005-06-01,84.4614199999999897
2005-07-01,84.6194399999999973
2005-08-01,84.9354799999999983
2005-09-01,85.6465599999999938
2005-10-01,85.2515099999999961
2005-11-01,85.0935000000000059
2005-12-01,85.0144900000000092
2006-01-01,85.4885400000000004
2006-02-01,85.3305199999999786
2006-03-01,85.8045800000000014
2006-04-01,86.2786399999999958
2006-05-01,86.6736900000000219
2006-06-01,86.5156700000000001
2006-07-01,86.5946800000000110
2006-08-01,86.7527000000000044
2006-09-01,86.2786399999999958
2006-10-01,86.1206200000000024
2006-11-01,86.2786399999999958
2006-12-01,86.4366600000000034
2007-01-01,86.4366600000000034
2007-02-01,87.0687400000000054
2007-03-01,87.7798200000000008
2007-04-01,88.1748699999999985
2007-05-01,88.5699199999999962
2007-06-01,88.4119000000000028
2007-07-01,88.4909099999999995
2007-08-01,88.2538800000000094
2007-09-01,88.4119000000000028
2007-10-01,88.1748699999999985
2007-11-01,88.4119000000000028
2007-12-01,88.4909099999999995
2008-01-01,88.3328900000000061
2008-02-01,88.6489300000000213
2008-03-01,88.9649699999999939
2008-04-01,89.6760599999999783
2008-05-01,90.5451699999999988
2008-06-01,91.1772500000000008
2008-07-01,91.4932900000000018
2008-08-01,91.3352699999999942
2008-09-01,91.4142800000000051
2008-10-01,90.4661600000000021
2008-11-01,90.1501200000000011
2008-12-01,89.5180399999999992
2009-01-01,89.2810099999999949
2009-02-01,89.9130899999999968
2009-03-01,90.0711100000000044
2009-04-01,89.9920999999999935
2009-05-01,90.6241799999999955
2009-06-01,90.9402199999999965
2009-07-01,90.6241799999999955
2009-08-01,90.6241799999999955
2009-09-01,90.6241799999999955
2009-10-01,90.5451699999999988
2009-11-01,91.0192299999999932
2009-12-01,90.7031900000000064
2010-01-01,90.9402199999999965
2010-02-01,91.3352699999999942
2010-03-01,91.3352699999999942
2010-04-01,91.6513099999999952
2010-05-01,91.8883399999999995
2010-06-01,91.8093300000000028
2010-07-01,92.2833799999999940
2010-08-01,92.2043699999999973
2010-09-01,92.3623900000000049
2010-10-01,92.7574400000000026
2010-11-01,92.8364499999999992
2010-12-01,92.8364499999999992
2011-01-01,93.0734800000000035
2011-02-01,93.3105099999999936
2011-03-01,94.3376300000000043
2011-04-01,94.6536700000000053
2011-05-01,95.2857499999999931
2011-06-01,94.6536700000000053
2011-07-01,94.8116899999999987
2011-08-01,95.0487200000000030
2011-09-01,95.2857499999999931
2011-10-01,95.4437700000000007
2011-11-01,95.5227799999999974
2011-12-01,94.9697100000000063
2012-01-01,95.3647600000000040
2012-02-01,95.7598100000000017
2012-03-01,96.1548599999999993
2012-04-01,96.5499099999999970
2012-05-01,96.4709000000000003
2012-06-01,96.0758500000000026
2012-07-01,95.9968400000000059
2012-08-01,96.2338699999999960
2012-09-01,96.3918900000000036
2012-10-01,96.5499099999999970
2012-11-01,96.3128800000000069
2012-12-01,95.7598100000000017
2013-01-01,95.8388199999999983
2013-02-01,96.9449500000000057
2013-03-01,97.1029699999999991
2013-04-01,96.9449500000000057
2013-05-01,97.1819799999999958
2013-06-01,97.1819799999999958
2013-07-01,97.2609900000000067
2013-08-01,97.2609900000000067
2013-09-01,97.4190100000000001
2013-10-01,97.1819799999999958
2013-11-01,97.1819799999999958
2013-12-01,96.9449500000000057
2014-01-01,97.2609900000000067
2014-02-01,98.0510900000000021
2014-03-01,98.6041599999999931
2014-04-01,98.9201999999999941
2014-05-01,99.3942600000000027
2014-06-01,99.4732699999999994
2014-07-01,99.3152500000000060
2014-08-01,99.3152500000000060
2014-09-01,99.3942600000000027
2014-10-01,99.4732699999999994
2014-11-01,99.0782200000000017
2014-12-01,98.3671300000000031
2015-01-01,98.2091099999999955
2015-02-01,99.0782200000000017
2015-03-01,99.7893100000000004
2015-04-01,99.7103000000000037
2015-05-01,100.2634000000000043
2015-06-01,100.5003999999999991
2015-07-01,100.5794000000000068
2015-08-01,100.5794000000000068
2015-09-01,100.4214000000000055
2015-10-01,100.5003999999999991
2015-11-01,100.4214000000000055
2015-12-01,99.9473299999999938
2016-01-01,100.1843999999999966
2016-02-01,100.4214000000000055
2016-03-01,101.0534999999999997
2016-04-01,101.3695000000000022
2016-05-01,101.7644999999999982
2016-06-01,102.0015999999999963
2016-07-01,101.8435999999999950
2016-08-01,101.6855000000000047
2016-09-01,101.7644999999999982
2016-10-01,102.0015999999999963
2016-11-01,101.6064999999999969
2016-12-01,101.4484999999999957
2017-01-01,102.3175999999999988
2017-02-01,102.4756000000000000
2017-03-01,102.6337000000000046
2017-04-01,103.0287000000000006
2017-05-01,103.1076999999999941
2017-06-01,103.0287000000000006
2017-07-01,103.0287000000000006
2017-08-01,103.1076999999999941
2017-09-01,103.3447000000000031
2017-10-01,103.4238000000000000
2017-11-01,103.7398000000000025
2017-12-01,103.3447000000000031
2018-01-01,104.0558000000000050
2018-02-01,104.6878999999999991
2018-03-01,105.0040000000000049
2018-04-01,105.3199999999999932
2018-05-01,105.3990000000000009
2018-06-01,105.5570000000000022
2018-07-01,106.1101000000000028
2018-08-01,106.0310999999999950
2018-09-01,105.6359999999999957
2018-10-01,105.9521000000000015
2018-11-01,105.4779999999999944
2018-12-01,105.3990000000000009
2019-01-01,105.5570000000000022
2019-02-01,106.2681000000000040
2019-03-01,106.9792000000000058
2019-04-01,107.4532999999999987
2019-05-01,107.9273000000000025
2019-06-01,107.6902999999999935
2019-07-01,108.2433000000000050
2019-08-01,108.0853000000000037
2019-09-01,107.6113000000000000
2019-10-01,107.9273000000000025
2019-11-01,107.7693000000000012
2019-12-01,107.7693000000000012
2020-01-01,108.0853000000000037
2020-02-01,108.5593999999999966
2020-03-01,107.9273000000000025
2020-04-01,107.2162000000000006
2020-05-01,107.5323000000000064
2020-06-01,108.4013999999999953
2020-07-01,108.4013999999999953
2020-08-01,108.2433000000000050
2020-09-01,108.1642999999999972
2020-10-01,108.6384000000000043
2020-11-01,108.7964000000000055
2020-12-01,108.5593999999999966
2021-01-01,109.1915000000000049
2021-02-01,109.7445000000000022
2021-03-01,110.2976000000000028
2021-04-01,110.8507000000000033
2021-05-01,111.4037000000000006
2021-06-01,111.7198000000000064
2021-07-01,112.4308999999999941
2021-08-01,112.6679000000000030
2021-09-01,112.9048999999999978
2021-10-01,113.6949999999999932
2021-11-01,113.9321000000000055
2021-12-01,113.7740000000000009
2022-01-01,114.8011999999999944
2022-02-01,115.9863000000000000
2022-03-01,117.6454999999999984
2022-04-01,118.3566000000000003
2022-05-01,120.0157999999999987
2022-06-01,120.8058999999999941
2022-07-01,120.9638999999999953
2022-08-01,120.5688999999999993
2022-09-01,120.6479000000000070
2022-10-01,121.5169999999999959
2022-11-01,121.6749999999999972
2022-12-01,120.9638999999999953
2023-01-01,121.5960000000000036
2023-02-01,122.0700999999999965
2023-03-01,122.7021000000000015
2023-04-01,123.5712000000000046
2023-05-01,124.0452999999999975
2023-06-01,124.2032999999999987
2023-07-01,124.9144000000000005
2023-08-01,125.3884999999999934
2023-09-01,125.2304000000000030
2023-10-01,125.3094999999999999
2023-11-01,125.4675000000000011
2023-12-01,125.0724000000000018
2024-01-01,125.0724000000000018
2024-02-01,125.4675000000000011
2024-03-01,126.2575999999999965
2024-04-01,126.8896000000000015
2024-05-01,127.6007000000000033
2024-06-01,127.5216999999999956
2024-07-01,128.0748000000000104
2024-08-01,127.8378000000000014
2024-09-01,127.2847000000000008
2024-10-01,127.8378000000000014
2024-11-01,127.8378000000000014
2024-12-01,127.3636999999999944
2025-01-01,127.4427000000000021
2025-02-01,128.7858999999999980
2025-03-01,129.1809000000000083
