country,country_name,current_account_usd,current_account_usd_source_snapshot_id,frequency,gdp_current_usd,gdp_current_usd_source_snapshot_id,inflation_cpi_annual_pct,inflation_cpi_annual_pct_source_snapshot_id,population_total,population_total_source_snapshot_id,schema_version,vintage_policy,year
BRA,Brazil,-26530848798.8242,efc888626d2d34dbd3fb13845f063c2797b10bee78497eb80a99c99eca06ece9,A,655448188259.351,00d3d9e1ada87813a2535c6ee8864299f21ff4e19d2b6d5b1681365f45fccf21,7.04414105947265,dc2adab04e07d26e1bd3d4ca707f5a8e4cbc0224b15d07ef76ea39fbb1504b28,174018282.0,d1c50ab18921d2735885891fcff0c4ad8ebc7786a0e887e95ebc9d5d4d5981b2,marco.global_macro_panel_row.v1,latest_revised_snapshot,2000
BRA,Brazil,-24890077179.819,efc888626d2d34dbd3fb13845f063c2797b10bee78497eb80a99c99eca06ece9,A,559983704094.17,00d3d9e1ada87813a2535c6ee8864299f21ff4e19d2b6d5b1681365f45fccf21,6.84035902487523,dc2adab04e07d26e1bd3d4ca707f5a8e4cbc0224b15d07ef76ea39fbb1504b28,176301203.0,d1c50ab18921d2735885891fcff0c4ad8ebc7786a0e887e95ebc9d5d4d5981b2,marco.global_macro_panel_row.v1,latest_revised_snapshot,2001
BRA,Brazil,-9407043257.05195,efc888626d2d34dbd3fb13845f063c2797b10bee78497eb80a99c99eca06ece9,A,509795270685.19,00d3d9e1ada87813a2535c6ee8864299f21ff4e19d2b6d5b1681365f45fccf21,8.45016437708331,dc2adab04e07d26e1bd3d4ca707f5a8e4cbc0224b15d07ef76ea39fbb1504b28,178503484.0,d1c50ab18921d2735885891fcff0c4ad8ebc7786a0e887e95ebc9d5d4d5981b2,marco.global_macro_panel_row.v1,latest_revised_snapshot,2002
BRA,Brazil,2193173018.42129,efc888626d2d34dbd3fb13845f063c2797b10bee78497eb80a99c99eca06ece9,A,558233724164.711,00d3d9e1ada87813a2535c6ee8864299f21ff4e19d2b6d5b1681365f45fccf21,14.7149197228147,dc2adab04e07d26e1bd3d4ca707f5a8e4cbc0224b15d07ef76ea39fbb1504b28,180622688.0,d1c50ab18921d2735885891fcff0c4ad8ebc7786a0e887e95ebc9d5d4d5981b2,marco.global_macro_panel_row.v1,latest_revised_snapshot,2003
BRA,Brazil,8959313364.24297,efc888626d2d34dbd3fb13845f063c2797b10bee78497eb80a99c99eca06ece9,A,669289321944.512,00d3d9e1ada87813a2535c6ee8864299f21ff4e19d2b6d5b1681365f45fccf21,6.59718509985963,dc2adab04e07d26e1bd3d4ca707f5a8e4cbc0224b15d07ef76ea39fbb1504b28,182675143.0,d1c50ab18921d2735885891fcff0c4ad8ebc7786a0e887e95ebc9d5d4d5981b2,marco.global_macro_panel_row.v1,latest_revised_snapshot,2004
BRA,Brazil,11679374942.1176,efc888626d2d34dbd3fb13845f063c2797b10bee78497eb80a99c99eca06ece9,A,891633826625.407,00d3d9e1ada87813a2535c6ee8864299f21ff4e19d2b6d5b1681365f45fccf21,6.86953720898964,dc2adab04e07d26e1bd3d4ca707f5a8e4cbc0224b15d07ef76ea39fbb1504b28,184688101.0,d1c50ab18921d2735885891fcff0c4ad8ebc7786a0e887e95ebc9d5d4d5981b2,marco.global_macro_panel_row.v1,latest_revised_snapshot,2005
BRA,Brazil,10773999924.4616,efc888626d2d34dbd3fb13845f063c2797b10bee78497eb80a99c99eca06ece9,A,1107626711163.23,00d3d9e1ada87813a2535c6ee8864299f21ff4e19d2b6d5b1681365f45fccf21,4.18356812896909,dc2adab04e07d26e1bd3d4ca707f5a8e4cbc0224b15d07ef76ea39fbb1504b28,186653106.0,d1c50ab18921d2735885891fcff0c4ad8ebc7786a0e887e95ebc9d5d4d5981b2,marco.global_macro_panel_row.v1,latest_revised_snapshot,2006
BRA,Brazil,-2753670195.51863,efc888626d2d34dbd3fb13845f063c2797b10bee78497eb80a99c99eca06ece9,A,1397114247188.89,00d3d9e1ada87813a2535c6ee8864299f21ff4e19d2b6d5b1681365f45fccf21,3.64127299102652,dc2adab04e07d26e1bd3d4ca707f5a8e4cbc0224b15d07ef76ea39fbb1504b28,188552320.0,d1c50ab18921d2735885891fcff0c4ad8ebc7786a0e887e95ebc9d5d4d5981b2,marco.global_macro_panel_row.v1,latest_revised_snapshot,2007
BRA,Brazil,-35601727612.8429,efc888626d2d34dbd3fb13845f063c2797b10bee78497eb80a99c99eca06ece9,A,1695855391757.96,00d3d9e1ada87813a2535c6ee8864299f21ff4e19d2b6d5b1681365f45fccf21,5.67859390284168,dc2adab04e07d26e1bd3d4ca707f5a8e4cbc0224b15d07ef76ea39fbb1504b28,190367302.0,d1c50ab18921d2735885891fcff0c4ad8ebc7786a0e887e95ebc9d5d4d5981b2,marco.global_macro_panel_row.v1,latest_revised_snapshot,2008
BRA,Brazil,-29328433093.6155,efc888626d2d34dbd3fb13845f063c2797b10bee78497eb80a99c99eca06ece9,A,1666996294252.12,00d3d9e1ada87813a2535c6ee8864299f21ff4e19d2b6d5b1681365f45fccf21,4.88803479876798,dc2adab04e07d26e1bd3d4ca707f5a8e4cbc0224b15d07ef76ea39fbb1504b28,192079951.0,d1c50ab18921d2735885891fcff0c4ad8ebc7786a0e887e95ebc9d5d4d5981b2,marco.global_macro_panel_row.v1,latest_revised_snapshot,2009
BRA,Brazil,-86717778084.25,efc888626d2d34dbd3fb13845f063c2797b10bee78497eb80a99c99eca06ece9,A,2208838108484.35,00d3d9e1ada87813a2535c6ee8864299f21ff4e19d2b6d5b1681365f45fccf21,5.03872690108074,dc2adab04e07d26e1bd3d4ca707f5a8e4cbc0224b15d07ef76ea39fbb1504b28,193701929.0,d1c50ab18921d2735885891fcff0c4ad8ebc7786a0e887e95ebc9d5d4d5981b2,marco.global_macro_panel_row.v1,latest_revised_snapshot,2010
BRA,Brazil,-83576205984.365,efc888626d2d34dbd3fb13845f063c2797b10bee78497eb80a99c99eca06ece9,A,2616156606579.21,00d3d9e1ada87813a2535c6ee8864299f21ff4e19d2b6d5b1681365f45fccf21,6.6364496221309,dc2adab04e07d26e1bd3d4ca707f5a8e4cbc0224b15d07ef76ea39fbb1504b28,195284734.0,d1c50ab18921d2735885891fcff0c4ad8ebc7786a0e887e95ebc9d5d4d5981b2,marco.global_macro_panel_row.v1,latest_revised_snapshot,2011
BRA,Brazil,-92678171336.37,efc888626d2d34dbd3fb13845f063c2797b10bee78497eb80a99c99eca06ece9,A,2465228293706.86,00d3d9e1ada87813a2535c6ee8864299f21ff4e19d2b6d5b1681365f45fccf21,5.40349914036997,dc2adab04e07d26e1bd3d4ca707f5a8e4cbc0224b15d07ef76ea39fbb1504b28,196876111.0,d1c50ab18921d2735885891fcff0c4ad8ebc7786a0e887e95ebc9d5d4d5981b2,marco.global_macro_panel_row.v1,latest_revised_snapshot,2012
BRA,Brazil,-88384030093.09,efc888626d2d34dbd3fb13845f063c2797b10bee78497eb80a99c99eca06ece9,A,2472819362043.74,00d3d9e1ada87813a2535c6ee8864299f21ff4e19d2b6d5b1681365f45fccf21,6.204310666401,dc2adab04e07d26e1bd3d4ca707f5a8e4cbc0224b15d07ef76ea39fbb1504b28,198478299.0,d1c50ab18921d2735885891fcff0c4ad8ebc7786a0e887e95ebc9d5d4d5981b2,marco.global_macro_panel_row.v1,latest_revised_snapshot,2013
BRA,Brazil,-110493241349.855,efc888626d2d34dbd3fb13845f063c2797b10bee78497eb80a99c99eca06ece9,A,2456043766032.38,00d3d9e1ada87813a2535c6ee8864299f21ff4e19d2b6d5b1681365f45fccf21,6.32904015516138,dc2adab04e07d26e1bd3d4ca707f5a8e4cbc0224b15d07ef76ea39fbb1504b28,200085127.0,d1c50ab18921d2735885891fcff0c4ad8ebc7786a0e887e95ebc9d5d4d5981b2,marco.global_macro_panel_row.v1,latest_revised_snapshot,2014
BRA,Brazil,-63408884124.215,efc888626d2d34dbd3fb13845f063c2797b10bee78497eb80a99c99eca06ece9,A,1802211999456.42,00d3d9e1ada87813a2535c6ee8864299f21ff4e19d2b6d5b1681365f45fccf21,9.02990102416136,dc2adab04e07d26e1bd3d4ca707f5a8e4cbc0224b15d07ef76ea39fbb1504b28,201675532.0,d1c50ab18921d2735885891fcff0c4ad8ebc7786a0e887e95ebc9d5d4d5981b2,marco.global_macro_panel_row.v1,latest_revised_snapshot,2015
BRA,Brazil,-30528825466.82,efc888626d2d34dbd3fb13845f063c2797b10bee78497eb80a99c99eca06ece9,A,1795693265999.04,00d3d9e1ada87813a2535c6ee8864299f21ff4e19d2b6d5b1681365f45fccf21,8.73914352329393,dc2adab04e07d26e1bd3d4ca707f5a8e4cbc0224b15d07ef76ea39fbb1504b28,203218114.0,d1c50ab18921d2735885891fcff0c4ad8ebc7786a0e887e95ebc9d5d4d5981b2,marco.global_macro_panel_row.v1,latest_revised_snapshot,2016
BRA,Brazil,-25263598550.21,efc888626d2d34dbd3fb13845f063c2797b10bee78497eb80a99c99eca06ece9,A,2063514688805.78,00d3d9e1ada87813a2535c6ee8864299f21ff4e19d2b6d5b1681365f45fccf21,3.44637335032669,dc2adab04e07d26e1bd3d4ca707f5a8e4cbc0224b15d07ef76ea39fbb1504b28,204703445.0,d1c50ab18921d2735885891fcff0c4ad8ebc7786a0e887e95ebc9d5d4d5981b2,marco.global_macro_panel_row.v1,latest_revised_snapshot,2017
BRA,Brazil,-53818304220.985,efc888626d2d34dbd3fb13845f063c2797b10bee78497eb80a99c99eca06ece9,A,1916933708352.71,00d3d9e1ada87813a2535c6ee8864299f21ff4e19d2b6d5b1681365f45fccf21,3.66485028376728,dc2adab04e07d26e1bd3d4ca707f5a8e4cbc0224b15d07ef76ea39fbb1504b28,206107261.0,d1c50ab18921d2735885891fcff0c4ad8ebc7786a0e887e95ebc9d5d4d5981b2,marco.global_macro_panel_row.v1,latest_revised_snapshot,2018
BRA,Brazil,-63959511165.035,efc888626d2d34dbd3fb13845f063c2797b10bee78497eb80a99c99eca06ece9,A,1873288158838.63,00d3d9e1ada87813a2535c6ee8864299f21ff4e19d2b6d5b1681365f45fccf21,3.73297621216893,dc2adab04e07d26e1bd3d4ca707f5a8e4cbc0224b15d07ef76ea39fbb1504b28,207455459.0,d1c50ab18921d2735885891fcff0c4ad8ebc7786a0e887e95ebc9d5d4d5981b2,marco.global_macro_panel_row.v1,latest_revised_snapshot,2019
BRA,Brazil,-24223442477.915,efc888626d2d34dbd3fb13845f063c2797b10bee78497eb80a99c99eca06ece9,A,1476107292151.95,00d3d9e1ada87813a2535c6ee8864299f21ff4e19d2b6d5b1681365f45fccf21,3.21176803803376,dc2adab04e07d26e1bd3d4ca707f5a8e4cbc0224b15d07ef76ea39fbb1504b28,208660842.0,d1c50ab18921d2735885891fcff0c4ad8ebc7786a0e887e95ebc9d5d4d5981b2,marco.global_macro_panel_row.v1,latest_revised_snapshot,2020
BRA,Brazil,-39397557333.0099,efc888626d2d34dbd3fb13845f063c2797b10bee78497eb80a99c99eca06ece9,A,1670647464062.96,00d3d9e1ada87813a2535c6ee8864299f21ff4e19d2b6d5b1681365f45fccf21,8.30165975585673,dc2adab04e07d26e1bd3d4ca707f5a8e4cbc0224b15d07ef76ea39fbb1504b28,209550294.0,d1c50ab18921d2735885891fcff0c4ad8ebc7786a0e887e95ebc9d5d4d5981b2,marco.global_macro_panel_row.v1,latest_revised_snapshot,2021
BRA,Brazil,-41960059748.66,efc888626d2d34dbd3fb13845f063c2797b10bee78497eb80a99c99eca06ece9,A,1951923832083.87,00d3d9e1ada87813a2535c6ee8864299f21ff4e19d2b6d5b1681365f45fccf21,9.28010608956872,dc2adab04e07d26e1bd3d4ca707f5a8e4cbc0224b15d07ef76ea39fbb1504b28,210306415.0,d1c50ab18921d2735885891fcff0c4ad8ebc7786a0e887e95ebc9d5d4d5981b2,marco.global_macro_panel_row.v1,latest_revised_snapshot,2022
BRA,Brazil,-27073227179.5849,efc888626d2d34dbd3fb13845f063c2797b10bee78497eb80a99c99eca06ece9,A,2191131869706.02,00d3d9e1ada87813a2535c6ee8864299f21ff4e19d2b6d5b1681365f45fccf21,4.59356282283203,dc2adab04e07d26e1bd3d4ca707f5a8e4cbc0224b15d07ef76ea39fbb1504b28,211140729.0,d1c50ab18921d2735885891fcff0c4ad8ebc7786a0e887e95ebc9d5d4d5981b2,marco.global_macro_panel_row.v1,latest_revised_snapshot,2023
BRA,Brazil,-66168310204.4699,efc888626d2d34dbd3fb13845f063c2797b10bee78497eb80a99c99eca06ece9,A,2185821648943.86,00d3d9e1ada87813a2535c6ee8864299f21ff4e19d2b6d5b1681365f45fccf21,4.36746407652336,dc2adab04e07d26e1bd3d4ca707f5a8e4cbc0224b15d07ef76ea39fbb1504b28,211998573.0,d1c50ab18921d2735885891fcff0c4ad8ebc7786a0e887e95ebc9d5d4d5981b2,marco.global_macro_panel_row.v1,latest_revised_snapshot,2024
CHN,China,20518382000.0,efc888626d2d34dbd3fb13845f063c2797b10bee78497eb80a99c99eca06ece9,A,1223754919971.05,00d3d9e1ada87813a2535c6ee8864299f21ff4e19d2b6d5b1681365f45fccf21,0.347811226864586,dc2adab04e07d26e1bd3d4ca707f5a8e4cbc0224b15d07ef76ea39fbb1504b28,1262645000.0,d1c50ab18921d2735885891fcff0c4ad8ebc7786a0e887e95ebc9d5d4d5981b2,marco.global_macro_panel_row.v1,latest_revised_snapshot,2000
CHN,China,17401000000.0,efc888626d2d34dbd3fb13845f063c2797b10bee78497eb80a99c99eca06ece9,A,1355036590251.52,00d3d9e1ada87813a2535c6ee8864299f21ff4e19d2b6d5b1681365f45fccf21,0.719125609120113,dc2adab04e07d26e1bd3d4ca707f5a8e4cbc0224b15d07ef76ea39fbb1504b28,1271850000.0,d1c50ab18921d2735885891fcff0c4ad8ebc7786a0e887e95ebc9d5d4d5981b2,marco.global_macro_panel_row.v1,latest_revised_snapshot,2001
CHN,China,35421997979.6472,efc888626d2d34dbd3fb13845f063c2797b10bee78497eb80a99c99eca06ece9,A,1489821682050.54,00d3d9e1ada87813a2535c6ee8864299f21ff4e19d2b6d5b1681365f45fccf21,-0.731970902350243,dc2adab04e07d26e1bd3d4ca707f5a8e4cbc0224b15d07ef76ea39fbb1504b28,1280400000.0,d1c50ab18921d2735885891fcff0c4ad8ebc7786a0e887e95ebc9d5d4d5981b2,marco.global_macro_panel_row.v1,latest_revised_snapshot,2002
CHN,China,43051582861.334,efc888626d2d34dbd3fb13845f063c2797b10bee78497eb80a99c99eca06ece9,A,1683903309843.85,00d3d9e1ada87813a2535c6ee8864299f21ff4e19d2b6d5b1681365f45fccf21,1.12760348729637,dc2adab04e07d26e1bd3d4ca707f5a8e4cbc0224b15d07ef76ea39fbb1504b28,1288400000.0,d1c50ab18921d2735885891fcff0c4ad8ebc7786a0e887e95ebc9d5d4d5981b2,marco.global_macro_panel_row.v1,latest_revised_snapshot,2003
CHN,China,68940960688.562,efc888626d2d34dbd3fb13845f063c2797b10bee78497eb80a99c99eca06ece9,A,1984196551300.44,00d3d9e1ada87813a2535c6ee8864299f21ff4e19d2b6d5b1681365f45fccf21,3.82463743108159,dc2adab04e07d26e1bd3d4ca707f5a8e4cbc0224b15d07ef76ea39fbb1504b28,1296075000.0,d1c50ab18921d2735885891fcff0c4ad8ebc7786a0e887e95ebc9d5d4d5981b2,marco.global_macro_panel_row.v1,latest_revised_snapshot,2004
CHN,China,132378493766.399,efc888626d2d34dbd3fb13845f063c2797b10bee78497eb80a99c99eca06ece9,A,2317551298052.05,00d3d9e1ada87813a2535c6ee8864299f21ff4e19d2b6d5b1681365f45fccf21,1.7764140766757,dc2adab04e07d26e1bd3d4ca707f5a8e4cbc0224b15d07ef76ea39fbb1504b28,1303720000.0,d1c50ab18921d2735885891fcff0c4ad8ebc7786a0e887e95ebc9d5d4d5981b2,marco.global_macro_panel_row.v1,latest_revised_snapshot,2005
CHN,China,231843041064.413,efc888626d2d34dbd3fb13845f063c2797b10bee78497eb80a99c99eca06ece9,A,2791498472804.33,00d3d9e1ada87813a2535c6ee8864299f21ff4e19d2b6d5b1681365f45fccf21,1.64943099455859,dc2adab04e07d26e1bd3d4ca707f5a8e4cbc0224b15d07ef76ea39fbb1504b28,1311020000.0,d1c50ab18921d2735885891fcff0c4ad8ebc7786a0e887e95ebc9d5d4d5981b2,marco.global_macro_panel_row.v1,latest_revised_snapshot,2006
CHN,China,353182677237.315,efc888626d2d34dbd3fb13845f063c2797b10bee78497eb80a99c99eca06ece9,A,3604055822571.63,00d3d9e1ada87813a2535c6ee8864299f21ff4e19d2b6d5b1681365f45fccf21,4.81676767378834,dc2adab04e07d26e1bd3d4ca707f5a8e4cbc0224b15d07ef76ea39fbb1504b28,1317885000.0,d1c50ab18921d2735885891fcff0c4ad8ebc7786a0e887e95ebc9d5d4d5981b2,marco.global_macro_panel_row.v1,latest_revised_snapshot,2007
CHN,China,420568516143.544,efc888626d2d34dbd3fb13845f063c2797b10bee78497eb80a99c99eca06ece9,A,4667346414521.95,00d3d9e1ada87813a2535c6ee8864299f21ff4e19d2b6d5b1681365f45fccf21,5.92525137041091,dc2adab04e07d26e1bd3d4ca707f5a8e4cbc0224b15d07ef76ea39fbb1504b28,1324655000.0,d1c50ab18921d2735885891fcff0c4ad8ebc7786a0e887e95ebc9d5d4d5981b2,marco.global_macro_panel_row.v1,latest_revised_snapshot,2008
CHN,China,243256567919.618,efc888626d2d34dbd3fb13845f063c2797b10bee78497eb80a99c99eca06ece9,A,5189577094997.58,00d3d9e1ada87813a2535c6ee8864299f21ff4e19d2b6d5b1681365f45fccf21,-0.728165250932898,dc2adab04e07d26e1bd3d4ca707f5a8e4cbc0224b15d07ef76ea39fbb1504b28,1331260000.0,d1c50ab18921d2735885891fcff0c4ad8ebc7786a0e887e95ebc9d5d4d5981b2,marco.global_macro_panel_row.v1,latest_revised_snapshot,2009
CHN,China,237810389607.954,efc888626d2d34dbd3fb13845f063c2797b10bee78497eb80a99c99eca06ece9,A,6192564874453.29,00d3d9e1ada87813a2535c6ee8864299f21ff4e19d2b6d5b1681365f45fccf21,3.17532475269199,dc2adab04e07d26e1bd3d4ca707f5a8e4cbc0224b15d07ef76ea39fbb1504b28,1337705000.0,d1c50ab18921d2735885891fcff0c4ad8ebc7786a0e887e95ebc9d5d4d5981b2,marco.global_macro_panel_row.v1,latest_revised_snapshot,2010
CHN,China,136096761577.55,efc888626d2d34dbd3fb13845f063c2797b10bee78497eb80a99c99eca06ece9,A,7671757207851.29,00d3d9e1ada87813a2535c6ee8864299f21ff4e19d2b6d5b1681365f45fccf21,5.55389892257493,dc2adab04e07d26e1bd3d4ca707f5a8e4cbc0224b15d07ef76ea39fbb1504b28,1345035000.0,d1c50ab18921d2735885891fcff0c4ad8ebc7786a0e887e95ebc9d5d4d5981b2,marco.global_macro_panel_row.v1,latest_revised_snapshot,2011
CHN,China,215391747469.441,efc888626d2d34dbd3fb13845f063c2797b10bee78497eb80a99c99eca06ece9,A,8673664713189.24,00d3d9e1ada87813a2535c6ee8864299f21ff4e19d2b6d5b1681365f45fccf21,2.6195243264554,dc2adab04e07d26e1bd3d4ca707f5a8e4cbc0224b15d07ef76ea39fbb1504b28,1354190000.0,d1c50ab18921d2735885891fcff0c4ad8ebc7786a0e887e95ebc9d5d4d5981b2,marco.global_macro_panel_row.v1,latest_revised_snapshot,2012
CHN,China,148203949879.877,efc888626d2d34dbd3fb13845f063c2797b10bee78497eb80a99c99eca06ece9,A,9743124247267.24,00d3d9e1ada87813a2535c6ee8864299f21ff4e19d2b6d5b1681365f45fccf21,2.62105001748114,dc2adab04e07d26e1bd3d4ca707f5a8e4cbc0224b15d07ef76ea39fbb1504b28,1363240000.0,d1c50ab18921d2735885891fcff0c4ad8ebc7786a0e887e95ebc9d5d4d5981b2,marco.global_macro_panel_row.v1,latest_revised_snapshot,2013
CHN,China,236046577873.629,efc888626d2d34dbd3fb13845f063c2797b10bee78497eb80a99c99eca06ece9,A,10674533168257.4,00d3d9e1ada87813a2535c6ee8864299f21ff4e19d2b6d5b1681365f45fccf21,1.9216416278852,dc2adab04e07d26e1bd3d4ca707f5a8e4cbc0224b15d07ef76ea39fbb1504b28,1371860000.0,d1c50ab18921d2735885891fcff0c4ad8ebc7786a0e887e95ebc9d5d4d5981b2,marco.global_macro_panel_row.v1,latest_revised_snapshot,2014
CHN,China,293022317035.547,efc888626d2d34dbd3fb13845f063c2797b10bee78497eb80a99c99eca06ece9,A,11280814787468.9,00d3d9e1ada87813a2535c6ee8864299f21ff4e19d2b6d5b1681365f45fccf21,1.43702380935654,dc2adab04e07d26e1bd3d4ca707f5a8e4cbc0224b15d07ef76ea39fbb1504b28,1379860000.0,d1c50ab18921d2735885891fcff0c4ad8ebc7786a0e887e95ebc9d5d4d5981b2,marco.global_macro_panel_row.v1,latest_revised_snapshot,2015
CHN,China,191337035941.993,efc888626d2d34dbd3fb13845f063c2797b10bee78497eb80a99c99eca06ece9,A,11456024084962.0,00d3d9e1ada87813a2535c6ee8864299f21ff4e19d2b6d5b1681365f45fccf21,2.00000182191943,dc2adab04e07d26e1bd3d4ca707f5a8e4cbc0224b15d07ef76ea39fbb1504b28,1387790000.0,d1c50ab18921d2735885891fcff0c4ad8ebc7786a0e887e95ebc9d5d4d5981b2,marco.global_macro_panel_row.v1,latest_revised_snapshot,2016
CHN,China,188676126121.161,efc888626d2d34dbd3fb13845f063c2797b10bee78497eb80a99c99eca06ece9,A,12537559062282.9,00d3d9e1ada87813a2535c6ee8864299f21ff4e19d2b6d5b1681365f45fccf21,1.59313600071435,dc2adab04e07d26e1bd3d4ca707f5a8e4cbc0224b15d07ef76ea39fbb1504b28,1396215000.0,d1c50ab18921d2735885891fcff0c4ad8ebc7786a0e887e95ebc9d5d4d5981b2,marco.global_macro_panel_row.v1,latest_revised_snapshot,2017
CHN,China,24130909184.4985,efc888626d2d34dbd3fb13845f063c2797b10bee78497eb80a99c99eca06ece9,A,14147765772963.8,00d3d9e1ada87813a2535c6ee8864299f21ff4e19d2b6d5b1681365f45fccf21,2.07479039965576,dc2adab04e07d26e1bd3d4ca707f5a8e4cbc0224b15d07ef76ea39fbb1504b28,1402760000.0,d1c50ab18921d2735885891fcff0c4ad8ebc7786a0e887e95ebc9d5d4d5981b2,marco.global_macro_panel_row.v1,latest_revised_snapshot,2018
CHN,China,102909876008.387,efc888626d2d34dbd3fb13845f063c2797b10bee78497eb80a99c99eca06ece9,A,14560167101283.4,00d3d9e1ada87813a2535c6ee8864299f21ff4e19d2b6d5b1681365f45fccf21,2.89923416358226,dc2adab04e07d26e1bd3d4ca707f5a8e4cbc0224b15d07ef76ea39fbb1504b28,1407745000.0,d1c50ab18921d2735885891fcff0c4ad8ebc7786a0e887e95ebc9d5d4d5981b2,marco.global_macro_panel_row.v1,latest_revised_snapshot,2019
CHN,China,248835643936.04,efc888626d2d34dbd3fb13845f063c2797b10bee78497eb80a99c99eca06ece9,A,14996414166715.1,00d3d9e1ada87813a2535c6ee8864299f21ff4e19d2b6d5b1681365f45fccf21,2.41942189457782,dc2adab04e07d26e1bd3d4ca707f5a8e4cbc0224b15d07ef76ea39fbb1504b28,1411100000.0,d1c50ab18921d2735885891fcff0c4ad8ebc7786a0e887e95ebc9d5d4d5981b2,marco.global_macro_panel_row.v1,latest_revised_snapshot,2020
CHN,China,352885754634.63,efc888626d2d34dbd3fb13845f063c2797b10bee78497eb80a99c99eca06ece9,A,18201698719564.0,00d3d9e1ada87813a2535c6ee8864299f21ff4e19d2b6d5b1681365f45fccf21,0.981015135544881,dc2adab04e07d26e1bd3d4ca707f5a8e4cbc0224b15d07ef76ea39fbb1504b28,1412360000.0,d1c50ab18921d2735885891fcff0c4ad8ebc7786a0e887e95ebc9d5d4d5981b2,marco.global_macro_panel_row.v1,latest_revised_snapshot,2021
CHN,China,443374257116.429,efc888626d2d34dbd3fb13845f063c2797b10bee78497eb80a99c99eca06ece9,A,18316765021690.2,00d3d9e1ada87813a2535c6ee8864299f21ff4e19d2b6d5b1681365f45fccf21,1.9735755573905,dc2adab04e07d26e1bd3d4ca707f5a8e4cbc0224b15d07ef76ea39fbb1504b28,1412175000.0,d1c50ab18921d2735885891fcff0c4ad8ebc7786a0e887e95ebc9d5d4d5981b2,marco.global_macro_panel_row.v1,latest_revised_snapshot,2022
CHN,China,263382353368.19,efc888626d2d34dbd3fb13845f063c2797b10bee78497eb80a99c99eca06ece9,A,18270356654533.2,00d3d9e1ada87813a2535c6ee8864299f21ff4e19d2b6d5b1681365f45fccf21,0.23483682889305,dc2adab04e07d26e1bd3d4ca707f5a8e4cbc0224b15d07ef76ea39fbb1504b28,1410710000.0,d1c50ab18921d2735885891fcff0c4ad8ebc7786a0e887e95ebc9d5d4d5981b2,marco.global_macro_panel_row.v1,latest_revised_snapshot,2023
CHN,China,423919214716.3,efc888626d2d34dbd3fb13845f063c2797b10bee78497eb80a99c99eca06ece9,A,18743803170827.2,00d3d9e1ada87813a2535c6ee8864299f21ff4e19d2b6d5b1681365f45fccf21,0.218128938439177,dc2adab04e07d26e1bd3d4ca707f5a8e4cbc0224b15d07ef76ea39fbb1504b28,1408975000.0,d1c50ab18921d2735885891fcff0c4ad8ebc7786a0e887e95ebc9d5d4d5981b2,marco.global_macro_panel_row.v1,latest_revised_snapshot,2024
IDN,Indonesia,7992074100.4978,efc888626d2d34dbd3fb13845f063c2797b10bee78497eb80a99c99eca06ece9,A,165021012077.81,00d3d9e1ada87813a2535c6ee8864299f21ff4e19d2b6d5b1681365f45fccf21,3.68862037056682,dc2adab04e07d26e1bd3d4ca707f5a8e4cbc0224b15d07ef76ea39fbb1504b28,216077790.0,d1c50ab18921d2735885891fcff0c4ad8ebc7786a0e887e95ebc9d5d4d5981b2,marco.global_macro_panel_row.v1,latest_revised_snapshot,2000
IDN,Indonesia,6900901091.30435,efc888626d2d34dbd3fb13845f063c2797b10bee78497eb80a99c99eca06ece9,A,160446947784.909,00d3d9e1ada87813a2535c6ee8864299f21ff4e19d2b6d5b1681365f45fccf21,11.5001160550887,dc2adab04e07d26e1bd3d4ca707f5a8e4cbc0224b15d07ef76ea39fbb1504b28,219097902.0,d1c50ab18921d2735885891fcff0c4ad8ebc7786a0e887e95ebc9d5d4d5981b2,marco.global_macro_panel_row.v1,latest_revised_snapshot,2001
IDN,Indonesia,7823542185.48575,efc888626d2d34dbd3fb13845f063c2797b10bee78497eb80a99c99eca06ece9,A,195660611165.183,00d3d9e1ada87813a2535c6ee8864299f21ff4e19d2b6d5b1681365f45fccf21,11.9001200338414,dc2adab04e07d26e1bd3d4ca707f5a8e4cbc0224b15d07ef76ea39fbb1504b28,222088495.0,d1c50ab18921d2735885891fcff0c4ad8ebc7786a0e887e95ebc9d5d4d5981b2,marco.global_macro_panel_row.v1,latest_revised_snapshot,2002
IDN,Indonesia,8106793838.4709,efc888626d2d34dbd3fb13845f063c2797b10bee78497eb80a99c99eca06ece9,A,234772463823.808,00d3d9e1ada87813a2535c6ee8864299f21ff4e19d2b6d5b1681365f45fccf21,6.75731256333564,dc2adab04e07d26e1bd3d4ca707f5a8e4cbc0224b15d07ef76ea39fbb1504b28,225048008.0,d1c50ab18921d2735885891fcff0c4ad8ebc7786a0e887e95ebc9d5d4d5981b2,marco.global_macro_panel_row.v1,latest_revised_snapshot,2003
IDN,Indonesia,1563009904.01622,efc888626d2d34dbd3fb13845f063c2797b10bee78497eb80a99c99eca06ece9,A,256836875295.452,00d3d9e1ada87813a2535c6ee8864299f21ff4e19d2b6d5b1681365f45fccf21,6.06406189133648,dc2adab04e07d26e1bd3d4ca707f5a8e4cbc0224b15d07ef76ea39fbb1504b28,227926649.0,d1c50ab18921d2735885891fcff0c4ad8ebc7786a0e887e95ebc9d5d4d5981b2,marco.global_macro_panel_row.v1,latest_revised_snapshot,2004
IDN,Indonesia,277544828.92532,efc888626d2d34dbd3fb13845f063c2797b10bee78497eb80a99c99eca06ece9,A,285868619196.085,00d3d9e1ada87813a2535c6ee8864299f21ff4e19d2b6d5b1681365f45fccf21,10.4532001873347,dc2adab04e07d26e1bd3d4ca707f5a8e4cbc0224b15d07ef76ea39fbb1504b28,230871650.0,d1c50ab18921d2735885891fcff0c4ad8ebc7786a0e887e95ebc9d5d4d5981b2,marco.global_macro_panel_row.v1,latest_revised_snapshot,2005
IDN,Indonesia,10859493593.9516,efc888626d2d34dbd3fb13845f063c2797b10bee78497eb80a99c99eca06ece9,A,364570515618.357,00d3d9e1ada87813a2535c6ee8864299f21ff4e19d2b6d5b1681365f45fccf21,13.108670985346,dc2adab04e07d26e1bd3d4ca707f5a8e4cbc0224b15d07ef76ea39fbb1504b28,233951652.0,d1c50ab18921d2735885891fcff0c4ad8ebc7786a0e887e95ebc9d5d4d5981b2,marco.global_macro_panel_row.v1,latest_revised_snapshot,2006
IDN,Indonesia,10491041826.7601,efc888626d2d34dbd3fb13845f063c2797b10bee78497eb80a99c99eca06ece9,A,432216737774.861,00d3d9e1ada87813a2535c6ee8864299f21ff4e19d2b6d5b1681365f45fccf21,6.40656087966005,dc2adab04e07d26e1bd3d4ca707f5a8e4cbc0224b15d07ef76ea39fbb1504b28,237062337.0,d1c50ab18921d2735885891fcff0c4ad8ebc7786a0e887e95ebc9d5d4d5981b2,marco.global_macro_panel_row.v1,latest_revised_snapshot,2007
IDN,Indonesia,125992416.495584,efc888626d2d34dbd3fb13845f063c2797b10bee78497eb80a99c99eca06ece9,A,510228634992.258,00d3d9e1ada87813a2535c6ee8864299f21ff4e19d2b6d5b1681365f45fccf21,10.2266663272483,dc2adab04e07d26e1bd3d4ca707f5a8e4cbc0224b15d07ef76ea39fbb1504b28,240157903.0,d1c50ab18921d2735885891fcff0c4ad8ebc7786a0e887e95ebc9d5d4d5981b2,marco.global_macro_panel_row.v1,latest_revised_snapshot,2008
IDN,Indonesia,10628489686.0765,efc888626d2d34dbd3fb13845f063c2797b10bee78497eb80a99c99eca06ece9,A,539580085612.401,00d3d9e1ada87813a2535c6ee8864299f21ff4e19d2b6d5b1681365f45fccf21,4.38641311792074,dc2adab04e07d26e1bd3d4ca707f5a8e4cbc0224b15d07ef76ea39fbb1504b28,243220028.0,d1c50ab18921d2735885891fcff0c4ad8ebc7786a0e887e95ebc9d5d4d5981b2,marco.global_macro_panel_row.v1,latest_revised_snapshot,2009
IDN,Indonesia,5144284990.19702,efc888626d2d34dbd3fb13845f063c2797b10bee78497eb80a99c99eca06ece9,A,755094157621.936,00d3d9e1ada87813a2535c6ee8864299f21ff4e19d2b6d5b1681365f45fccf21,5.13420639015885,dc2adab04e07d26e1bd3d4ca707f5a8e4cbc0224b15d07ef76ea39fbb1504b28,246305322.0,d1c50ab18921d2735885891fcff0c4ad8ebc7786a0e887e95ebc9d5d4d5981b2,marco.global_macro_panel_row.v1,latest_revised_snapshot,2010
IDN,Indonesia,1685068008.42165,efc888626d2d34dbd3fb13845f063c2797b10bee78497eb80a99c99eca06ece9,A,892969104563.171,00d3d9e1ada87813a2535c6ee8864299f21ff4e19d2b6d5b1681365f45fccf21,5.35604849112582,dc2adab04e07d26e1bd3d4ca707f5a8e4cbc0224b15d07ef76ea39fbb1504b28,249470032.0,d1c50ab18921d2735885891fcff0c4ad8ebc7786a0e887e95ebc9d5d4d5981b2,marco.global_macro_panel_row.v1,latest_revised_snapshot,2011
IDN,Indonesia,-24417850938.214,efc888626d2d34dbd3fb13845f063c2797b10bee78497eb80a99c99eca06ece9,A,917869913332.649,00d3d9e1ada87813a2535c6ee8864299f21ff4e19d2b6d5b1681365f45fccf21,4.2795142691943,dc2adab04e07d26e1bd3d4ca707f5a8e4cbc0224b15d07ef76ea39fbb1504b28,252698525.0,d1c50ab18921d2735885891fcff0c4ad8ebc7786a0e887e95ebc9d5d4d5981b2,marco.global_macro_panel_row.v1,latest_revised_snapshot,2012
IDN,Indonesia,-29109199017.0582,efc888626d2d34dbd3fb13845f063c2797b10bee78497eb80a99c99eca06ece9,A,912524136718.018,00d3d9e1ada87813a2535c6ee8864299f21ff4e19d2b6d5b1681365f45fccf21,6.41249457900391,dc2adab04e07d26e1bd3d4ca707f5a8e4cbc0224b15d07ef76ea39fbb1504b28,255852467.0,d1c50ab18921d2735885891fcff0c4ad8ebc7786a0e887e95ebc9d5d4d5981b2,marco.global_macro_panel_row.v1,latest_revised_snapshot,2013
IDN,Indonesia,-27509865798.2326,efc888626d2d34dbd3fb13845f063c2797b10bee78497eb80a99c99eca06ece9,A,890814755533.537,00d3d9e1ada87813a2535c6ee8864299f21ff4e19d2b6d5b1681365f45fccf21,6.39492882396559,dc2adab04e07d26e1bd3d4ca707f5a8e4cbc0224b15d07ef76ea39fbb1504b28,258877399.0,d1c50ab18921d2735885891fcff0c4ad8ebc7786a0e887e95ebc9d5d4d5981b2,marco.global_macro_panel_row.v1,latest_revised_snapshot,2014
IDN,Indonesia,-17518744569.4758,efc888626d2d34dbd3fb13845f063c2797b10bee78497eb80a99c99eca06ece9,A,860854232686.214,00d3d9e1ada87813a2535c6ee8864299f21ff4e19d2b6d5b1681365f45fccf21,6.36312061196646,dc2adab04e07d26e1bd3d4ca707f5a8e4cbc0224b15d07ef76ea39fbb1504b28,261799249.0,d1c50ab18921d2735885891fcff0c4ad8ebc7786a0e887e95ebc9d5d4d5981b2,marco.global_macro_panel_row.v1,latest_revised_snapshot,2015
IDN,Indonesia,-16952255385.0262,efc888626d2d34dbd3fb13845f063c2797b10bee78497eb80a99c99eca06ece9,A,931877364037.698,00d3d9e1ada87813a2535c6ee8864299f21ff4e19d2b6d5b1681365f45fccf21,3.52580452815451,dc2adab04e07d26e1bd3d4ca707f5a8e4cbc0224b15d07ef76ea39fbb1504b28,264627418.0,d1c50ab18921d2735885891fcff0c4ad8ebc7786a0e887e95ebc9d5d4d5981b2,marco.global_macro_panel_row.v1,latest_revised_snapshot,2016
IDN,Indonesia,-16195634380.3563,efc888626d2d34dbd3fb13845f063c2797b10bee78497eb80a99c99eca06ece9,A,1015618744159.73,00d3d9e1ada87813a2535c6ee8864299f21ff4e19d2b6d5b1681365f45fccf21,3.80879857691949,dc2adab04e07d26e1bd3d4ca707f5a8e4cbc0224b15d07ef76ea39fbb1504b28,267346658.0,d1c50ab18921d2735885891fcff0c4ad8ebc7786a0e887e95ebc9d5d4d5981b2,marco.global_macro_panel_row.v1,latest_revised_snapshot,2017
IDN,Indonesia,-30633120324.4287,efc888626d2d34dbd3fb13845f063c2797b10bee78497eb80a99c99eca06ece9,A,1042271532988.63,00d3d9e1ada87813a2535c6ee8864299f21ff4e19d2b6d5b1681365f45fccf21,3.19834755924996,dc2adab04e07d26e1bd3d4ca707f5a8e4cbc0224b15d07ef76ea39fbb1504b28,269951846.0,d1c50ab18921d2735885891fcff0c4ad8ebc7786a0e887e95ebc9d5d4d5981b2,marco.global_macro_panel_row.v1,latest_revised_snapshot,2018
IDN,Indonesia,-30279059752.9683,efc888626d2d34dbd3fb13845f063c2797b10bee78497eb80a99c99eca06ece9,A,1119099871350.2,00d3d9e1ada87813a2535c6ee8864299f21ff4e19d2b6d5b1681365f45fccf21,3.03058460941661,dc2adab04e07d26e1bd3d4ca707f5a8e4cbc0224b15d07ef76ea39fbb1504b28,272489381.0,d1c50ab18921d2735885891fcff0c4ad8ebc7786a0e887e95ebc9d5d4d5981b2,marco.global_macro_panel_row.v1,latest_revised_snapshot,2019
IDN,Indonesia,-4433269738.48785,efc888626d2d34dbd3fb13845f063c2797b10bee78497eb80a99c99eca06ece9,A,1059054842698.48,00d3d9e1ada87813a2535c6ee8864299f21ff4e19d2b6d5b1681365f45fccf21,1.91983527270793,dc2adab04e07d26e1bd3d4ca707f5a8e4cbc0224b15d07ef76ea39fbb1504b28,274814866.0,d1c50ab18921d2735885891fcff0c4ad8ebc7786a0e887e95ebc9d5d4d5981b2,marco.global_macro_panel_row.v1,latest_revised_snapshot,2020
IDN,Indonesia,3510715050.41252,efc888626d2d34dbd3fb13845f063c2797b10bee78497eb80a99c99eca06ece9,A,1186509691086.73,00d3d9e1ada87813a2535c6ee8864299f21ff4e19d2b6d5b1681365f45fccf21,1.56007882983334,dc2adab04e07d26e1bd3d4ca707f5a8e4cbc0224b15d07ef76ea39fbb1504b28,276758053.0,d1c50ab18921d2735885891fcff0c4ad8ebc7786a0e887e95ebc9d5d4d5981b2,marco.global_macro_panel_row.v1,latest_revised_snapshot,2021
IDN,Indonesia,13215134910.4119,efc888626d2d34dbd3fb13845f063c2797b10bee78497eb80a99c99eca06ece9,A,1319101183380.15,00d3d9e1ada87813a2535c6ee8864299f21ff4e19d2b6d5b1681365f45fccf21,4.20946463714784,dc2adab04e07d26e1bd3d4ca707f5a8e4cbc0224b15d07ef76ea39fbb1504b28,278830529.0,d1c50ab18921d2735885891fcff0c4ad8ebc7786a0e887e95ebc9d5d4d5981b2,marco.global_macro_panel_row.v1,latest_revised_snapshot,2022
IDN,Indonesia,-2041662020.0125,efc888626d2d34dbd3fb13845f063c2797b10bee78497eb80a99c99eca06ece9,A,1371169301563.62,00d3d9e1ada87813a2535c6ee8864299f21ff4e19d2b6d5b1681365f45fccf21,3.66938654859761,dc2adab04e07d26e1bd3d4ca707f5a8e4cbc0224b15d07ef76ea39fbb1504b28,281190067.0,d1c50ab18921d2735885891fcff0c4ad8ebc7786a0e887e95ebc9d5d4d5981b2,marco.global_macro_panel_row.v1,latest_revised_snapshot,2023
IDN,Indonesia,-8583487084.55384,efc888626d2d34dbd3fb13845f063c2797b10bee78497eb80a99c99eca06ece9,A,1396300098190.97,00d3d9e1ada87813a2535c6ee8864299f21ff4e19d2b6d5b1681365f45fccf21,2.18151273615189,dc2adab04e07d26e1bd3d4ca707f5a8e4cbc0224b15d07ef76ea39fbb1504b28,283487931.0,d1c50ab18921d2735885891fcff0c4ad8ebc7786a0e887e95ebc9d5d4d5981b2,marco.global_macro_panel_row.v1,latest_revised_snapshot,2024
IND,India,-4601248652.10513,efc888626d2d34dbd3fb13845f063c2797b10bee78497eb80a99c99eca06ece9,A,468395521654.458,00d3d9e1ada87813a2535c6ee8864299f21ff4e19d2b6d5b1681365f45fccf21,4.0094359104519,dc2adab04e07d26e1bd3d4ca707f5a8e4cbc0224b15d07ef76ea39fbb1504b28,1057922733.0,d1c50ab18921d2735885891fcff0c4ad8ebc7786a0e887e95ebc9d5d4d5981b2,marco.global_macro_panel_row.v1,latest_revised_snapshot,2000
IND,India,1410181566.42622,efc888626d2d34dbd3fb13845f063c2797b10bee78497eb80a99c99eca06ece9,A,485440139204.171,00d3d9e1ada87813a2535c6ee8864299f21ff4e19d2b6d5b1681365f45fccf21,3.77929312235637,dc2adab04e07d26e1bd3d4ca707f5a8e4cbc0224b15d07ef76ea39fbb1504b28,1077898575.0,d1c50ab18921d2735885891fcff0c4ad8ebc7786a0e887e95ebc9d5d4d5981b2,marco.global_macro_panel_row.v1,latest_revised_snapshot,2001
IND,India,7059496037.43387,efc888626d2d34dbd3fb13845f063c2797b10bee78497eb80a99c99eca06ece9,A,514939140318.756,00d3d9e1ada87813a2535c6ee8864299f21ff4e19d2b6d5b1681365f45fccf21,4.29715203929563,dc2adab04e07d26e1bd3d4ca707f5a8e4cbc0224b15d07ef76ea39fbb1504b28,1097600380.0,d1c50ab18921d2735885891fcff0c4ad8ebc7786a0e887e95ebc9d5d4d5981b2,marco.global_macro_panel_row.v1,latest_revised_snapshot,2002
IND,India,8772510263.57571,efc888626d2d34dbd3fb13845f063c2797b10bee78497eb80a99c99eca06ece9,A,607700687237.318,00d3d9e1ada87813a2535c6ee8864299f21ff4e19d2b6d5b1681365f45fccf21,3.80585899528851,dc2adab04e07d26e1bd3d4ca707f5a8e4cbc0224b15d07ef76ea39fbb1504b28,1116803006.0,d1c50ab18921d2735885891fcff0c4ad8ebc7786a0e887e95ebc9d5d4d5981b2,marco.global_macro_panel_row.v1,latest_revised_snapshot,2003
IND,India,780195721.518435,efc888626d2d34dbd3fb13845f063c2797b10bee78497eb80a99c99eca06ece9,A,709152728830.775,00d3d9e1ada87813a2535c6ee8864299f21ff4e19d2b6d5b1681365f45fccf21,3.76725173477515,dc2adab04e07d26e1bd3d4ca707f5a8e4cbc0224b15d07ef76ea39fbb1504b28,1135991513.0,d1c50ab18921d2735885891fcff0c4ad8ebc7786a0e887e95ebc9d5d4d5981b2,marco.global_macro_panel_row.v1,latest_revised_snapshot,2004
IND,India,-10283543307.9807,efc888626d2d34dbd3fb13845f063c2797b10bee78497eb80a99c99eca06ece9,A,820383763511.445,00d3d9e1ada87813a2535c6ee8864299f21ff4e19d2b6d5b1681365f45fccf21,4.24634362031922,dc2adab04e07d26e1bd3d4ca707f5a8e4cbc0224b15d07ef76ea39fbb1504b28,1154676322.0,d1c50ab18921d2735885891fcff0c4ad8ebc7786a0e887e95ebc9d5d4d5981b2,marco.global_macro_panel_row.v1,latest_revised_snapshot,2005
IND,India,-9299060317.46279,efc888626d2d34dbd3fb13845f063c2797b10bee78497eb80a99c99eca06ece9,A,940259888787.721,00d3d9e1ada87813a2535c6ee8864299f21ff4e19d2b6d5b1681365f45fccf21,5.79652337561634,dc2adab04e07d26e1bd3d4ca707f5a8e4cbc0224b15d07ef76ea39fbb1504b28,1172878890.0,d1c50ab18921d2735885891fcff0c4ad8ebc7786a0e887e95ebc9d5d4d5981b2,marco.global_macro_panel_row.v1,latest_revised_snapshot,2006
IND,India,-8075694483.59493,efc888626d2d34dbd3fb13845f063c2797b10bee78497eb80a99c99eca06ece9,A,1216736438834.96,00d3d9e1ada87813a2535c6ee8864299f21ff4e19d2b6d5b1681365f45fccf21,6.37288135593231,dc2adab04e07d26e1bd3d4ca707f5a8e4cbc0224b15d07ef76ea39fbb1504b28,1190676021.0,d1c50ab18921d2735885891fcff0c4ad8ebc7786a0e887e95ebc9d5d4d5981b2,marco.global_macro_panel_row.v1,latest_revised_snapshot,2007
IND,India,-30971987180.9349,efc888626d2d34dbd3fb13845f063c2797b10bee78497eb80a99c99eca06ece9,A,1198895139005.92,00d3d9e1ada87813a2535c6ee8864299f21ff4e19d2b6d5b1681365f45fccf21,8.34926704907581,dc2adab04e07d26e1bd3d4ca707f5a8e4cbc0224b15d07ef76ea39fbb1504b28,1207930964.0,d1c50ab18921d2735885891fcff0c4ad8ebc7786a0e887e95ebc9d5d4d5981b2,marco.global_macro_panel_row.v1,latest_revised_snapshot,2008
IND,India,-26186435956.9107,efc888626d2d34dbd3fb13845f063c2797b10bee78497eb80a99c99eca06ece9,A,1341888016994.9,00d3d9e1ada87813a2535c6ee8864299f21ff4e19d2b6d5b1681365f45fccf21,10.8823529411764,dc2adab04e07d26e1bd3d4ca707f5a8e4cbc0224b15d07ef76ea39fbb1504b28,1225524753.0,d1c50ab18921d2735885891fcff0c4ad8ebc7786a0e887e95ebc9d5d4d5981b2,marco.global_macro_panel_row.v1,latest_revised_snapshot,2009
IND,India,-54515877624.366,efc888626d2d34dbd3fb13845f063c2797b10bee78497eb80a99c99eca06ece9,A,1675615519484.96,00d3d9e1ada87813a2535c6ee8864299f21ff4e19d2b6d5b1681365f45fccf21,11.9893899204244,dc2adab04e07d26e1bd3d4ca707f5a8e4cbc0224b15d07ef76ea39fbb1504b28,1243481564.0,d1c50ab18921d2735885891fcff0c4ad8ebc7786a0e887e95ebc9d5d4d5981b2,marco.global_macro_panel_row.v1,latest_revised_snapshot,2010
IND,India,-62517637221.5214,efc888626d2d34dbd3fb13845f063c2797b10bee78497eb80a99c99eca06ece9,A,1823051829894.55,00d3d9e1ada87813a2535c6ee8864299f21ff4e19d2b6d5b1681365f45fccf21,8.91179336483371,dc2adab04e07d26e1bd3d4ca707f5a8e4cbc0224b15d07ef76ea39fbb1504b28,1261224954.0,d1c50ab18921d2735885891fcff0c4ad8ebc7786a0e887e95ebc9d5d4d5981b2,marco.global_macro_panel_row.v1,latest_revised_snapshot,2011
IND,India,-91471245845.723,efc888626d2d34dbd3fb13845f063c2797b10bee78497eb80a99c99eca06ece9,A,1827637590410.41,00d3d9e1ada87813a2535c6ee8864299f21ff4e19d2b6d5b1681365f45fccf21,9.47899691419801,dc2adab04e07d26e1bd3d4ca707f5a8e4cbc0224b15d07ef76ea39fbb1504b28,1278674502.0,d1c50ab18921d2735885891fcff0c4ad8ebc7786a0e887e95ebc9d5d4d5981b2,marco.global_macro_panel_row.v1,latest_revised_snapshot,2012
IND,India,-49122670387.7035,efc888626d2d34dbd3fb13845f063c2797b10bee78497eb80a99c99eca06ece9,A,1856721507621.58,00d3d9e1ada87813a2535c6ee8864299f21ff4e19d2b6d5b1681365f45fccf21,10.0178784746102,dc2adab04e07d26e1bd3d4ca707f5a8e4cbc0224b15d07ef76ea39fbb1504b28,1295829511.0,d1c50ab18921d2735885891fcff0c4ad8ebc7786a0e887e95ebc9d5d4d5981b2,marco.global_macro_panel_row.v1,latest_revised_snapshot,2013
IND,India,-27314281992.5893,efc888626d2d34dbd3fb13845f063c2797b10bee78497eb80a99c99eca06ece9,A,2039126479154.52,00d3d9e1ada87813a2535c6ee8864299f21ff4e19d2b6d5b1681365f45fccf21,6.66565671867899,dc2adab04e07d26e1bd3d4ca707f5a8e4cbc0224b15d07ef76ea39fbb1504b28,1312277191.0,d1c50ab18921d2735885891fcff0c4ad8ebc7786a0e887e95ebc9d5d4d5981b2,marco.global_macro_panel_row.v1,latest_revised_snapshot,2014
IND,India,-22456838009.6208,efc888626d2d34dbd3fb13845f063c2797b10bee78497eb80a99c99eca06ece9,A,2103588360044.94,00d3d9e1ada87813a2535c6ee8864299f21ff4e19d2b6d5b1681365f45fccf21,4.90697344127256,dc2adab04e07d26e1bd3d4ca707f5a8e4cbc0224b15d07ef76ea39fbb1504b28,1328024498.0,d1c50ab18921d2735885891fcff0c4ad8ebc7786a0e887e95ebc9d5d4d5981b2,marco.global_macro_panel_row.v1,latest_revised_snapshot,2015
IND,India,-12113787707.3688,efc888626d2d34dbd3fb13845f063c2797b10bee78497eb80a99c99eca06ece9,A,2294796885663.16,00d3d9e1ada87813a2535c6ee8864299f21ff4e19d2b6d5b1681365f45fccf21,4.94821634062141,dc2adab04e07d26e1bd3d4ca707f5a8e4cbc0224b15d07ef76ea39fbb1504b28,1343944296.0,d1c50ab18921d2735885891fcff0c4ad8ebc7786a0e887e95ebc9d5d4d5981b2,marco.global_macro_panel_row.v1,latest_revised_snapshot,2016
IND,India,-38167659223.511,efc888626d2d34dbd3fb13845f063c2797b10bee78497eb80a99c99eca06ece9,A,2651474262755.45,00d3d9e1ada87813a2535c6ee8864299f21ff4e19d2b6d5b1681365f45fccf21,3.32817337461298,dc2adab04e07d26e1bd3d4ca707f5a8e4cbc0224b15d07ef76ea39fbb1504b28,1359657400.0,d1c50ab18921d2735885891fcff0c4ad8ebc7786a0e887e95ebc9d5d4d5981b2,marco.global_macro_panel_row.v1,latest_revised_snapshot,2017
IND,India,-65599439052.6676,efc888626d2d34dbd3fb13845f063c2797b10bee78497eb80a99c99eca06ece9,A,2702929641648.74,00d3d9e1ada87813a2535c6ee8864299f21ff4e19d2b6d5b1681365f45fccf21,3.9388264669163,dc2adab04e07d26e1bd3d4ca707f5a8e4cbc0224b15d07ef76ea39fbb1504b28,1374659064.0,d1c50ab18921d2735885891fcff0c4ad8ebc7786a0e887e95ebc9d5d4d5981b2,marco.global_macro_panel_row.v1,latest_revised_snapshot,2018
IND,India,-29762864650.3281,efc888626d2d34dbd3fb13845f063c2797b10bee78497eb80a99c99eca06ece9,A,2835606256558.19,00d3d9e1ada87813a2535c6ee8864299f21ff4e19d2b6d5b1681365f45fccf21,3.72950573539129,dc2adab04e07d26e1bd3d4ca707f5a8e4cbc0224b15d07ef76ea39fbb1504b28,1389030312.0,d1c50ab18921d2735885891fcff0c4ad8ebc7786a0e887e95ebc9d5d4d5981b2,marco.global_macro_panel_row.v1,latest_revised_snapshot,2019
IND,India,32730048588.2079,efc888626d2d34dbd3fb13845f063c2797b10bee78497eb80a99c99eca06ece9,A,2674851578587.27,00d3d9e1ada87813a2535c6ee8864299f21ff4e19d2b6d5b1681365f45fccf21,6.62343677628535,dc2adab04e07d26e1bd3d4ca707f5a8e4cbc0224b15d07ef76ea39fbb1504b28,1402617695.0,d1c50ab18921d2735885891fcff0c4ad8ebc7786a0e887e95ebc9d5d4d5981b2,marco.global_macro_panel_row.v1,latest_revised_snapshot,2020
IND,India,-33422359357.9397,efc888626d2d34dbd3fb13845f063c2797b10bee78497eb80a99c99eca06ece9,A,3167270623260.47,00d3d9e1ada87813a2535c6ee8864299f21ff4e19d2b6d5b1681365f45fccf21,5.13140747176369,dc2adab04e07d26e1bd3d4ca707f5a8e4cbc0224b15d07ef76ea39fbb1504b28,1414203896.0,d1c50ab18921d2735885891fcff0c4ad8ebc7786a0e887e95ebc9d5d4d5981b2,marco.global_macro_panel_row.v1,latest_revised_snapshot,2021
IND,India,-79050941951.3239,efc888626d2d34dbd3fb13845f063c2797b10bee78497eb80a99c99eca06ece9,A,3346107287730.93,00d3d9e1ada87813a2535c6ee8864299f21ff4e19d2b6d5b1681365f45fccf21,6.69903414079852,dc2adab04e07d26e1bd3d4ca707f5a8e4cbc0224b15d07ef76ea39fbb1504b28,1425423212.0,d1c50ab18921d2735885891fcff0c4ad8ebc7786a0e887e95ebc9d5d4d5981b2,marco.global_macro_panel_row.v1,latest_revised_snapshot,2022
IND,India,-31955497930.2044,efc888626d2d34dbd3fb13845f063c2797b10bee78497eb80a99c99eca06ece9,A,3638489096033.86,00d3d9e1ada87813a2535c6ee8864299f21ff4e19d2b6d5b1681365f45fccf21,5.64914318907925,dc2adab04e07d26e1bd3d4ca707f5a8e4cbc0224b15d07ef76ea39fbb1504b28,1438069596.0,d1c50ab18921d2735885891fcff0c4ad8ebc7786a0e887e95ebc9d5d4d5981b2,marco.global_macro_panel_row.v1,latest_revised_snapshot,2023
IND,India,-32015418428.3173,efc888626d2d34dbd3fb13845f063c2797b10bee78497eb80a99c99eca06ece9,A,3909891533858.08,00d3d9e1ada87813a2535c6ee8864299f21ff4e19d2b6d5b1681365f45fccf21,4.95303550973656,dc2adab04e07d26e1bd3d4ca707f5a8e4cbc0224b15d07ef76ea39fbb1504b28,1450935791.0,d1c50ab18921d2735885891fcff0c4ad8ebc7786a0e887e95ebc9d5d4d5981b2,marco.global_macro_panel_row.v1,latest_revised_snapshot,2024
MEX,Mexico,-18752421871.0,efc888626d2d34dbd3fb13845f063c2797b10bee78497eb80a99c99eca06ece9,A,742061329749.127,00d3d9e1ada87813a2535c6ee8864299f21ff4e19d2b6d5b1681365f45fccf21,9.49156149435403,dc2adab04e07d26e1bd3d4ca707f5a8e4cbc0224b15d07ef76ea39fbb1504b28,98625552.0,d1c50ab18921d2735885891fcff0c4ad8ebc7786a0e887e95ebc9d5d4d5981b2,marco.global_macro_panel_row.v1,latest_revised_snapshot,2000
MEX,Mexico,-17752510948.0,efc888626d2d34dbd3fb13845f063c2797b10bee78497eb80a99c99eca06ece9,A,796064590549.136,00d3d9e1ada87813a2535c6ee8864299f21ff4e19d2b6d5b1681365f45fccf21,6.36773806235037,dc2adab04e07d26e1bd3d4ca707f5a8e4cbc0224b15d07ef76ea39fbb1504b28,100099099.0,d1c50ab18921d2735885891fcff0c4ad8ebc7786a0e887e95ebc9d5d4d5981b2,marco.global_macro_panel_row.v1,latest_revised_snapshot,2001
MEX,Mexico,-12398045537.9999,efc888626d2d34dbd3fb13845f063c2797b10bee78497eb80a99c99eca06ece9,A,810666116401.915,00d3d9e1ada87813a2535c6ee8864299f21ff4e19d2b6d5b1681365f45fccf21,5.03072733151295,dc2adab04e07d26e1bd3d4ca707f5a8e4cbc0224b15d07ef76ea39fbb1504b28,101548624.0,d1c50ab18921d2735885891fcff0c4ad8ebc7786a0e887e95ebc9d5d4d5981b2,marco.global_macro_panel_row.v1,latest_revised_snapshot,2002
MEX,Mexico,-4032619657.99998,efc888626d2d34dbd3fb13845f063c2797b10bee78497eb80a99c99eca06ece9,A,765549967703.273,00d3d9e1ada87813a2535c6ee8864299f21ff4e19d2b6d5b1681365f45fccf21,4.54690012118718,dc2adab04e07d26e1bd3d4ca707f5a8e4cbc0224b15d07ef76ea39fbb1504b28,102978515.0,d1c50ab18921d2735885891fcff0c4ad8ebc7786a0e887e95ebc9d5d4d5981b2,marco.global_macro_panel_row.v1,latest_revised_snapshot,2003
MEX,Mexico,-3808647028.00001,efc888626d2d34dbd3fb13845f063c2797b10bee78497eb80a99c99eca06ece9,A,819459227375.022,00d3d9e1ada87813a2535c6ee8864299f21ff4e19d2b6d5b1681365f45fccf21,4.68840884843143,dc2adab04e07d26e1bd3d4ca707f5a8e4cbc0224b15d07ef76ea39fbb1504b28,104394131.0,d1c50ab18921d2735885891fcff0c4ad8ebc7786a0e887e95ebc9d5d4d5981b2,marco.global_macro_panel_row.v1,latest_revised_snapshot,2004
MEX,Mexico,-5721376165.99999,efc888626d2d34dbd3fb13845f063c2797b10bee78497eb80a99c99eca06ece9,A,917571853529.104,00d3d9e1ada87813a2535c6ee8864299f21ff4e19d2b6d5b1681365f45fccf21,3.98805714597437,dc2adab04e07d26e1bd3d4ca707f5a8e4cbc0224b15d07ef76ea39fbb1504b28,105811504.0,d1c50ab18921d2735885891fcff0c4ad8ebc7786a0e887e95ebc9d5d4d5981b2,marco.global_macro_panel_row.v1,latest_revised_snapshot,2005
MEX,Mexico,-3229705574.99999,efc888626d2d34dbd3fb13845f063c2797b10bee78497eb80a99c99eca06ece9,A,1020265057882.01,00d3d9e1ada87813a2535c6ee8864299f21ff4e19d2b6d5b1681365f45fccf21,3.62946762439132,dc2adab04e07d26e1bd3d4ca707f5a8e4cbc0224b15d07ef76ea39fbb1504b28,107253666.0,d1c50ab18921d2735885891fcff0c4ad8ebc7786a0e887e95ebc9d5d4d5981b2,marco.global_macro_panel_row.v1,latest_revised_snapshot,2006
MEX,Mexico,-9310944947.00001,efc888626d2d34dbd3fb13845f063c2797b10bee78497eb80a99c99eca06ece9,A,1102355554971.95,00d3d9e1ada87813a2535c6ee8864299f21ff4e19d2b6d5b1681365f45fccf21,3.96684905458235,dc2adab04e07d26e1bd3d4ca707f5a8e4cbc0224b15d07ef76ea39fbb1504b28,108774360.0,d1c50ab18921d2735885891fcff0c4ad8ebc7786a0e887e95ebc9d5d4d5981b2,marco.global_macro_panel_row.v1,latest_revised_snapshot,2007
MEX,Mexico,-16340834077.0,efc888626d2d34dbd3fb13845f063c2797b10bee78497eb80a99c99eca06ece9,A,1161553459715.1,00d3d9e1ada87813a2535c6ee8864299f21ff4e19d2b6d5b1681365f45fccf21,5.12498274575896,dc2adab04e07d26e1bd3d4ca707f5a8e4cbc0224b15d07ef76ea39fbb1504b28,110374288.0,d1c50ab18921d2735885891fcff0c4ad8ebc7786a0e887e95ebc9d5d4d5981b2,marco.global_macro_panel_row.v1,latest_revised_snapshot,2008
MEX,Mexico,-7084471754.00001,efc888626d2d34dbd3fb13845f063c2797b10bee78497eb80a99c99eca06ece9,A,943437415024.633,00d3d9e1ada87813a2535c6ee8864299f21ff4e19d2b6d5b1681365f45fccf21,5.29735584228856,dc2adab04e07d26e1bd3d4ca707f5a8e4cbc0224b15d07ef76ea39fbb1504b28,111999721.0,d1c50ab18921d2735885891fcff0c4ad8ebc7786a0e887e95ebc9d5d4d5981b2,marco.global_macro_panel_row.v1,latest_revised_snapshot,2009
MEX,Mexico,-3753937792.99998,efc888626d2d34dbd3fb13845f063c2797b10bee78497eb80a99c99eca06ece9,A,1105424238731.09,00d3d9e1ada87813a2535c6ee8864299f21ff4e19d2b6d5b1681365f45fccf21,4.15672722680174,dc2adab04e07d26e1bd3d4ca707f5a8e4cbc0224b15d07ef76ea39fbb1504b28,113623895.0,d1c50ab18921d2735885891fcff0c4ad8ebc7786a0e887e95ebc9d5d4d5981b2,marco.global_macro_panel_row.v1,latest_revised_snapshot,2010
MEX,Mexico,-10543617766.0,efc888626d2d34dbd3fb13845f063c2797b10bee78497eb80a99c99eca06ece9,A,1229013703416.76,00d3d9e1ada87813a2535c6ee8864299f21ff4e19d2b6d5b1681365f45fccf21,3.40737824605742,dc2adab04e07d26e1bd3d4ca707f5a8e4cbc0224b15d07ef76ea39fbb1504b28,115243504.0,d1c50ab18921d2735885891fcff0c4ad8ebc7786a0e887e95ebc9d5d4d5981b2,marco.global_macro_panel_row.v1,latest_revised_snapshot,2011
MEX,Mexico,-17695157348.9999,efc888626d2d34dbd3fb13845f063c2797b10bee78497eb80a99c99eca06ece9,A,1255110424817.79,00d3d9e1ada87813a2535c6ee8864299f21ff4e19d2b6d5b1681365f45fccf21,4.11150981070289,dc2adab04e07d26e1bd3d4ca707f5a8e4cbc0224b15d07ef76ea39fbb1504b28,116818208.0,d1c50ab18921d2735885891fcff0c4ad8ebc7786a0e887e95ebc9d5d4d5981b2,marco.global_macro_panel_row.v1,latest_revised_snapshot,2012
MEX,Mexico,-31778421275.0,efc888626d2d34dbd3fb13845f063c2797b10bee78497eb80a99c99eca06ece9,A,1327436290282.67,00d3d9e1ada87813a2535c6ee8864299f21ff4e19d2b6d5b1681365f45fccf21,3.80639069747204,dc2adab04e07d26e1bd3d4ca707f5a8e4cbc0224b15d07ef76ea39fbb1504b28,118343573.0,d1c50ab18921d2735885891fcff0c4ad8ebc7786a0e887e95ebc9d5d4d5981b2,marco.global_macro_panel_row.v1,latest_revised_snapshot,2013
MEX,Mexico,-24852042092.0,efc888626d2d34dbd3fb13845f063c2797b10bee78497eb80a99c99eca06ece9,A,1364507717614.13,00d3d9e1ada87813a2535c6ee8864299f21ff4e19d2b6d5b1681365f45fccf21,4.01861608078679,dc2adab04e07d26e1bd3d4ca707f5a8e4cbc0224b15d07ef76ea39fbb1504b28,119784261.0,d1c50ab18921d2735885891fcff0c4ad8ebc7786a0e887e95ebc9d5d4d5981b2,marco.global_macro_panel_row.v1,latest_revised_snapshot,2014
MEX,Mexico,-31535662037.0,efc888626d2d34dbd3fb13845f063c2797b10bee78497eb80a99c99eca06ece9,A,1213294467716.88,00d3d9e1ada87813a2535c6ee8864299f21ff4e19d2b6d5b1681365f45fccf21,2.72064064964023,dc2adab04e07d26e1bd3d4ca707f5a8e4cbc0224b15d07ef76ea39fbb1504b28,121072306.0,d1c50ab18921d2735885891fcff0c4ad8ebc7786a0e887e95ebc9d5d4d5981b2,marco.global_macro_panel_row.v1,latest_revised_snapshot,2015
MEX,Mexico,-25282312906.9999,efc888626d2d34dbd3fb13845f063c2797b10bee78497eb80a99c99eca06ece9,A,1112233497452.7,00d3d9e1ada87813a2535c6ee8864299f21ff4e19d2b6d5b1681365f45fccf21,2.8217078474766,dc2adab04e07d26e1bd3d4ca707f5a8e4cbc0224b15d07ef76ea39fbb1504b28,122251351.0,d1c50ab18921d2735885891fcff0c4ad8ebc7786a0e887e95ebc9d5d4d5981b2,marco.global_macro_panel_row.v1,latest_revised_snapshot,2016
MEX,Mexico,-21402776864.0,efc888626d2d34dbd3fb13845f063c2797b10bee78497eb80a99c99eca06ece9,A,1190721475906.0,00d3d9e1ada87813a2535c6ee8864299f21ff4e19d2b6d5b1681365f45fccf21,6.04145724018986,dc2adab04e07d26e1bd3d4ca707f5a8e4cbc0224b15d07ef76ea39fbb1504b28,123400057.0,d1c50ab18921d2735885891fcff0c4ad8ebc7786a0e887e95ebc9d5d4d5981b2,marco.global_macro_panel_row.v1,latest_revised_snapshot,2017
MEX,Mexico,-25931803949.0,efc888626d2d34dbd3fb13845f063c2797b10bee78497eb80a99c99eca06ece9,A,1256300182879.73,00d3d9e1ada87813a2535c6ee8864299f21ff4e19d2b6d5b1681365f45fccf21,4.89935015356551,dc2adab04e07d26e1bd3d4ca707f5a8e4cbc0224b15d07ef76ea39fbb1504b28,124573711.0,d1c50ab18921d2735885891fcff0c4ad8ebc7786a0e887e95ebc9d5d4d5981b2,marco.global_macro_panel_row.v1,latest_revised_snapshot,2018
MEX,Mexico,-3871166263.00003,efc888626d2d34dbd3fb13845f063c2797b10bee78497eb80a99c99eca06ece9,A,1304106203902.45,00d3d9e1ada87813a2535c6ee8864299f21ff4e19d2b6d5b1681365f45fccf21,3.63596142127046,dc2adab04e07d26e1bd3d4ca707f5a8e4cbc0224b15d07ef76ea39fbb1504b28,125762982.0,d1c50ab18921d2735885891fcff0c4ad8ebc7786a0e887e95ebc9d5d4d5981b2,marco.global_macro_panel_row.v1,latest_revised_snapshot,2019
MEX,Mexico,26873079471.0,efc888626d2d34dbd3fb13845f063c2797b10bee78497eb80a99c99eca06ece9,A,1121064767308.42,00d3d9e1ada87813a2535c6ee8864299f21ff4e19d2b6d5b1681365f45fccf21,3.39683415570006,dc2adab04e07d26e1bd3d4ca707f5a8e4cbc0224b15d07ef76ea39fbb1504b28,126799054.0,d1c50ab18921d2735885891fcff0c4ad8ebc7786a0e887e95ebc9d5d4d5981b2,marco.global_macro_panel_row.v1,latest_revised_snapshot,2020
MEX,Mexico,-4485665790.0,efc888626d2d34dbd3fb13845f063c2797b10bee78497eb80a99c99eca06ece9,A,1316569466685.95,00d3d9e1ada87813a2535c6ee8864299f21ff4e19d2b6d5b1681365f45fccf21,5.68920847683753,dc2adab04e07d26e1bd3d4ca707f5a8e4cbc0224b15d07ef76ea39fbb1504b28,127648148.0,d1c50ab18921d2735885891fcff0c4ad8ebc7786a0e887e95ebc9d5d4d5981b2,marco.global_macro_panel_row.v1,latest_revised_snapshot,2021
MEX,Mexico,-18692667771.0,efc888626d2d34dbd3fb13845f063c2797b10bee78497eb80a99c99eca06ece9,A,1466934724293.06,00d3d9e1ada87813a2535c6ee8864299f21ff4e19d2b6d5b1681365f45fccf21,7.8962761916855,dc2adab04e07d26e1bd3d4ca707f5a8e4cbc0224b15d07ef76ea39fbb1504b28,128613117.0,d1c50ab18921d2735885891fcff0c4ad8ebc7786a0e887e95ebc9d5d4d5981b2,marco.global_macro_panel_row.v1,latest_revised_snapshot,2022
MEX,Mexico,-12544311497.9999,efc888626d2d34dbd3fb13845f063c2797b10bee78497eb80a99c99eca06ece9,A,1798317581486.88,00d3d9e1ada87813a2535c6ee8864299f21ff4e19d2b6d5b1681365f45fccf21,5.52796087314389,dc2adab04e07d26e1bd3d4ca707f5a8e4cbc0224b15d07ef76ea39fbb1504b28,129739759.0,d1c50ab18921d2735885891fcff0c4ad8ebc7786a0e887e95ebc9d5d4d5981b2,marco.global_macro_panel_row.v1,latest_revised_snapshot,2023
MEX,Mexico,-16695744080.9999,efc888626d2d34dbd3fb13845f063c2797b10bee78497eb80a99c99eca06ece9,A,1856365616165.94,00d3d9e1ada87813a2535c6ee8864299f21ff4e19d2b6d5b1681365f45fccf21,4.72225588452932,dc2adab04e07d26e1bd3d4ca707f5a8e4cbc0224b15d07ef76ea39fbb1504b28,130861007.0,d1c50ab18921d2735885891fcff0c4ad8ebc7786a0e887e95ebc9d5d4d5981b2,marco.global_macro_panel_row.v1,latest_revised_snapshot,2024
TUR,Turkiye,-9920000000.0,efc888626d2d34dbd3fb13845f063c2797b10bee78497eb80a99c99eca06ece9,A,274748463178.502,00d3d9e1ada87813a2535c6ee8864299f21ff4e19d2b6d5b1681365f45fccf21,54.9153705812683,dc2adab04e07d26e1bd3d4ca707f5a8e4cbc0224b15d07ef76ea39fbb1504b28,65425961.0,d1c50ab18921d2735885891fcff0c4ad8ebc7786a0e887e95ebc9d5d4d5981b2,marco.global_macro_panel_row.v1,latest_revised_snapshot,2000
TUR,Turkiye,3760000000.0,efc888626d2d34dbd3fb13845f063c2797b10bee78497eb80a99c99eca06ece9,A,202195080239.036,00d3d9e1ada87813a2535c6ee8864299f21ff4e19d2b6d5b1681365f45fccf21,54.4001887619074,dc2adab04e07d26e1bd3d4ca707f5a8e4cbc0224b15d07ef76ea39fbb1504b28,66245128.0,d1c50ab18921d2735885891fcff0c4ad8ebc7786a0e887e95ebc9d5d4d5981b2,marco.global_macro_panel_row.v1,latest_revised_snapshot,2001
TUR,Turkiye,-626000000.0,efc888626d2d34dbd3fb13845f063c2797b10bee78497eb80a99c99eca06ece9,A,240778008473.845,00d3d9e1ada87813a2535c6ee8864299f21ff4e19d2b6d5b1681365f45fccf21,44.964120947985,dc2adab04e07d26e1bd3d4ca707f5a8e4cbc0224b15d07ef76ea39fbb1504b28,67048795.0,d1c50ab18921d2735885891fcff0c4ad8ebc7786a0e887e95ebc9d5d4d5981b2,marco.global_macro_panel_row.v1,latest_revised_snapshot,2002
TUR,Turkiye,-7554000000.0,efc888626d2d34dbd3fb13845f063c2797b10bee78497eb80a99c99eca06ece9,A,315392899922.379,00d3d9e1ada87813a2535c6ee8864299f21ff4e19d2b6d5b1681365f45fccf21,21.6024384490573,dc2adab04e07d26e1bd3d4ca707f5a8e4cbc0224b15d07ef76ea39fbb1504b28,67831730.0,d1c50ab18921d2735885891fcff0c4ad8ebc7786a0e887e95ebc9d5d4d5981b2,marco.global_macro_panel_row.v1,latest_revised_snapshot,2003
TUR,Turkiye,-14198000000.0,efc888626d2d34dbd3fb13845f063c2797b10bee78497eb80a99c99eca06ece9,A,410156784495.948,00d3d9e1ada87813a2535c6ee8864299f21ff4e19d2b6d5b1681365f45fccf21,8.59826168115262,dc2adab04e07d26e1bd3d4ca707f5a8e4cbc0224b15d07ef76ea39fbb1504b28,68592617.0,d1c50ab18921d2735885891fcff0c4ad8ebc7786a0e887e95ebc9d5d4d5981b2,marco.global_macro_panel_row.v1,latest_revised_snapshot,2004
TUR,Turkiye,-20980000000.0,efc888626d2d34dbd3fb13845f063c2797b10bee78497eb80a99c99eca06ece9,A,508314210212.544,00d3d9e1ada87813a2535c6ee8864299f21ff4e19d2b6d5b1681365f45fccf21,8.17916036802008,dc2adab04e07d26e1bd3d4ca707f5a8e4cbc0224b15d07ef76ea39fbb1504b28,69329557.0,d1c50ab18921d2735885891fcff0c4ad8ebc7786a0e887e95ebc9d5d4d5981b2,marco.global_macro_panel_row.v1,latest_revised_snapshot,2005
TUR,Turkiye,-31162000000.0,efc888626d2d34dbd3fb13845f063c2797b10bee78497eb80a99c99eca06ece9,A,559668118237.002,00d3d9e1ada87813a2535c6ee8864299f21ff4e19d2b6d5b1681365f45fccf21,9.59724212288446,dc2adab04e07d26e1bd3d4ca707f5a8e4cbc0224b15d07ef76ea39fbb1504b28,70045349.0,d1c50ab18921d2735885891fcff0c4ad8ebc7786a0e887e95ebc9d5d4d5981b2,marco.global_macro_panel_row.v1,latest_revised_snapshot,2006
TUR,Turkiye,-36946000000.0,efc888626d2d34dbd3fb13845f063c2797b10bee78497eb80a99c99eca06ece9,A,685228481017.03,00d3d9e1ada87813a2535c6ee8864299f21ff4e19d2b6d5b1681365f45fccf21,8.75618090972632,dc2adab04e07d26e1bd3d4ca707f5a8e4cbc0224b15d07ef76ea39fbb1504b28,70158112.0,d1c50ab18921d2735885891fcff0c4ad8ebc7786a0e887e95ebc9d5d4d5981b2,marco.global_macro_panel_row.v1,latest_revised_snapshot,2007
TUR,Turkiye,-39426000000.0,efc888626d2d34dbd3fb13845f063c2797b10bee78497eb80a99c99eca06ece9,A,775415944332.866,00d3d9e1ada87813a2535c6ee8864299f21ff4e19d2b6d5b1681365f45fccf21,10.4441283764885,dc2adab04e07d26e1bd3d4ca707f5a8e4cbc0224b15d07ef76ea39fbb1504b28,71051678.0,d1c50ab18921d2735885891fcff0c4ad8ebc7786a0e887e95ebc9d5d4d5981b2,marco.global_macro_panel_row.v1,latest_revised_snapshot,2008
TUR,Turkiye,-11358000000.0,efc888626d2d34dbd3fb13845f063c2797b10bee78497eb80a99c99eca06ece9,A,653894449921.288,00d3d9e1ada87813a2535c6ee8864299f21ff4e19d2b6d5b1681365f45fccf21,6.25097663090626,dc2adab04e07d26e1bd3d4ca707f5a8e4cbc0224b15d07ef76ea39fbb1504b28,72039206.0,d1c50ab18921d2735885891fcff0c4ad8ebc7786a0e887e95ebc9d5d4d5981b2,marco.global_macro_panel_row.v1,latest_revised_snapshot,2009
TUR,Turkiye,-44625000000.0,efc888626d2d34dbd3fb13845f063c2797b10bee78497eb80a99c99eca06ece9,A,782545664268.333,00d3d9e1ada87813a2535c6ee8864299f21ff4e19d2b6d5b1681365f45fccf21,8.56644420552976,dc2adab04e07d26e1bd3d4ca707f5a8e4cbc0224b15d07ef76ea39fbb1504b28,73142150.0,d1c50ab18921d2735885891fcff0c4ad8ebc7786a0e887e95ebc9d5d4d5981b2,marco.global_macro_panel_row.v1,latest_revised_snapshot,2010
TUR,Turkiye,-74403000000.0,efc888626d2d34dbd3fb13845f063c2797b10bee78497eb80a99c99eca06ece9,A,844192507380.795,00d3d9e1ada87813a2535c6ee8864299f21ff4e19d2b6d5b1681365f45fccf21,6.471879671151,dc2adab04e07d26e1bd3d4ca707f5a8e4cbc0224b15d07ef76ea39fbb1504b28,74223629.0,d1c50ab18921d2735885891fcff0c4ad8ebc7786a0e887e95ebc9d5d4d5981b2,marco.global_macro_panel_row.v1,latest_revised_snapshot,2011
TUR,Turkiye,-41796000000.0,efc888626d2d34dbd3fb13845f063c2797b10bee78497eb80a99c99eca06ece9,A,885327622479.052,00d3d9e1ada87813a2535c6ee8864299f21ff4e19d2b6d5b1681365f45fccf21,8.89156996512163,dc2adab04e07d26e1bd3d4ca707f5a8e4cbc0224b15d07ef76ea39fbb1504b28,75175827.0,d1c50ab18921d2735885891fcff0c4ad8ebc7786a0e887e95ebc9d5d4d5981b2,marco.global_macro_panel_row.v1,latest_revised_snapshot,2012
TUR,Turkiye,-49329000000.0,efc888626d2d34dbd3fb13845f063c2797b10bee78497eb80a99c99eca06ece9,A,962167643588.925,00d3d9e1ada87813a2535c6ee8864299f21ff4e19d2b6d5b1681365f45fccf21,7.49309030547693,dc2adab04e07d26e1bd3d4ca707f5a8e4cbc0224b15d07ef76ea39fbb1504b28,76147624.0,d1c50ab18921d2735885891fcff0c4ad8ebc7786a0e887e95ebc9d5d4d5981b2,marco.global_macro_panel_row.v1,latest_revised_snapshot,2013
TUR,Turkiye,-32110000000.0,efc888626d2d34dbd3fb13845f063c2797b10bee78497eb80a99c99eca06ece9,A,942343431928.654,00d3d9e1ada87813a2535c6ee8864299f21ff4e19d2b6d5b1681365f45fccf21,8.85457271364316,dc2adab04e07d26e1bd3d4ca707f5a8e4cbc0224b15d07ef76ea39fbb1504b28,77181884.0,d1c50ab18921d2735885891fcff0c4ad8ebc7786a0e887e95ebc9d5d4d5981b2,marco.global_macro_panel_row.v1,latest_revised_snapshot,2014
TUR,Turkiye,-21354000000.0,efc888626d2d34dbd3fb13845f063c2797b10bee78497eb80a99c99eca06ece9,A,865460050683.656,00d3d9e1ada87813a2535c6ee8864299f21ff4e19d2b6d5b1681365f45fccf21,7.67085364845885,dc2adab04e07d26e1bd3d4ca707f5a8e4cbc0224b15d07ef76ea39fbb1504b28,78218479.0,d1c50ab18921d2735885891fcff0c4ad8ebc7786a0e887e95ebc9d5d4d5981b2,marco.global_macro_panel_row.v1,latest_revised_snapshot,2015
TUR,Turkiye,-22165000000.0,efc888626d2d34dbd3fb13845f063c2797b10bee78497eb80a99c99eca06ece9,A,870818016909.84,00d3d9e1ada87813a2535c6ee8864299f21ff4e19d2b6d5b1681365f45fccf21,7.7751341532833,dc2adab04e07d26e1bd3d4ca707f5a8e4cbc0224b15d07ef76ea39fbb1504b28,79277962.0,d1c50ab18921d2735885891fcff0c4ad8ebc7786a0e887e95ebc9d5d4d5981b2,marco.global_macro_panel_row.v1,latest_revised_snapshot,2016
TUR,Turkiye,-35141000000.0,efc888626d2d34dbd3fb13845f063c2797b10bee78497eb80a99c99eca06ece9,A,863874522365.276,00d3d9e1ada87813a2535c6ee8864299f21ff4e19d2b6d5b1681365f45fccf21,11.1443110840764,dc2adab04e07d26e1bd3d4ca707f5a8e4cbc0224b15d07ef76ea39fbb1504b28,80312698.0,d1c50ab18921d2735885891fcff0c4ad8ebc7786a0e887e95ebc9d5d4d5981b2,marco.global_macro_panel_row.v1,latest_revised_snapshot,2017
TUR,Turkiye,-14603000000.0,efc888626d2d34dbd3fb13845f063c2797b10bee78497eb80a99c99eca06ece9,A,788356985773.667,00d3d9e1ada87813a2535c6ee8864299f21ff4e19d2b6d5b1681365f45fccf21,16.3324638988929,dc2adab04e07d26e1bd3d4ca707f5a8e4cbc0224b15d07ef76ea39fbb1504b28,81407204.0,d1c50ab18921d2735885891fcff0c4ad8ebc7786a0e887e95ebc9d5d4d5981b2,marco.global_macro_panel_row.v1,latest_revised_snapshot,2018
TUR,Turkiye,15014000000.0,efc888626d2d34dbd3fb13845f063c2797b10bee78497eb80a99c99eca06ece9,A,775853144222.613,00d3d9e1ada87813a2535c6ee8864299f21ff4e19d2b6d5b1681365f45fccf21,15.1768215720022,dc2adab04e07d26e1bd3d4ca707f5a8e4cbc0224b15d07ef76ea39fbb1504b28,82579440.0,d1c50ab18921d2735885891fcff0c4ad8ebc7786a0e887e95ebc9d5d4d5981b2,marco.global_macro_panel_row.v1,latest_revised_snapshot,2019
TUR,Turkiye,-30980000000.0,efc888626d2d34dbd3fb13845f063c2797b10bee78497eb80a99c99eca06ece9,A,733628247119.077,00d3d9e1ada87813a2535c6ee8864299f21ff4e19d2b6d5b1681365f45fccf21,12.2789574462574,dc2adab04e07d26e1bd3d4ca707f5a8e4cbc0224b15d07ef76ea39fbb1504b28,83384680.0,d1c50ab18921d2735885891fcff0c4ad8ebc7786a0e887e95ebc9d5d4d5981b2,marco.global_macro_panel_row.v1,latest_revised_snapshot,2020
TUR,Turkiye,-6221000000.0,efc888626d2d34dbd3fb13845f063c2797b10bee78497eb80a99c99eca06ece9,A,839938668172.134,00d3d9e1ada87813a2535c6ee8864299f21ff4e19d2b6d5b1681365f45fccf21,19.5964926913324,dc2adab04e07d26e1bd3d4ca707f5a8e4cbc0224b15d07ef76ea39fbb1504b28,84147318.0,d1c50ab18921d2735885891fcff0c4ad8ebc7786a0e887e95ebc9d5d4d5981b2,marco.global_macro_panel_row.v1,latest_revised_snapshot,2021
TUR,Turkiye,-46283000000.0,efc888626d2d34dbd3fb13845f063c2797b10bee78497eb80a99c99eca06ece9,A,926097476913.818,00d3d9e1ada87813a2535c6ee8864299f21ff4e19d2b6d5b1681365f45fccf21,72.3088359891207,dc2adab04e07d26e1bd3d4ca707f5a8e4cbc0224b15d07ef76ea39fbb1504b28,84979913.0,d1c50ab18921d2735885891fcff0c4ad8ebc7786a0e887e95ebc9d5d4d5981b2,marco.global_macro_panel_row.v1,latest_revised_snapshot,2022
TUR,Turkiye,-41469000000.0,efc888626d2d34dbd3fb13845f063c2797b10bee78497eb80a99c99eca06ece9,A,1141242864657.45,00d3d9e1ada87813a2535c6ee8864299f21ff4e19d2b6d5b1681365f45fccf21,53.8594087593315,dc2adab04e07d26e1bd3d4ca707f5a8e4cbc0224b15d07ef76ea39fbb1504b28,85325965.0,d1c50ab18921d2735885891fcff0c4ad8ebc7786a0e887e95ebc9d5d4d5981b2,marco.global_macro_panel_row.v1,latest_revised_snapshot,2023
TUR,Turkiye,-10411000000.0,efc888626d2d34dbd3fb13845f063c2797b10bee78497eb80a99c99eca06ece9,A,1359123768774.12,00d3d9e1ada87813a2535c6ee8864299f21ff4e19d2b6d5b1681365f45fccf21,58.5064507300342,dc2adab04e07d26e1bd3d4ca707f5a8e4cbc0224b15d07ef76ea39fbb1504b28,85518661.0,d1c50ab18921d2735885891fcff0c4ad8ebc7786a0e887e95ebc9d5d4d5981b2,marco.global_macro_panel_row.v1,latest_revised_snapshot,2024
USA,United States,-401928000000.0,efc888626d2d34dbd3fb13845f063c2797b10bee78497eb80a99c99eca06ece9,A,10250947997000.0,00d3d9e1ada87813a2535c6ee8864299f21ff4e19d2b6d5b1681365f45fccf21,3.37685727149929,dc2adab04e07d26e1bd3d4ca707f5a8e4cbc0224b15d07ef76ea39fbb1504b28,282162411.0,d1c50ab18921d2735885891fcff0c4ad8ebc7786a0e887e95ebc9d5d4d5981b2,marco.global_macro_panel_row.v1,latest_revised_snapshot,2000
USA,United States,-394079000000.0,efc888626d2d34dbd3fb13845f063c2797b10bee78497eb80a99c99eca06ece9,A,10581929774000.0,00d3d9e1ada87813a2535c6ee8864299f21ff4e19d2b6d5b1681365f45fccf21,2.82617111885407,dc2adab04e07d26e1bd3d4ca707f5a8e4cbc0224b15d07ef76ea39fbb1504b28,284968955.0,d1c50ab18921d2735885891fcff0c4ad8ebc7786a0e887e95ebc9d5d4d5981b2,marco.global_macro_panel_row.v1,latest_revised_snapshot,2001
USA,United States,-456109000000.0,efc888626d2d34dbd3fb13845f063c2797b10bee78497eb80a99c99eca06ece9,A,10929112955000.0,00d3d9e1ada87813a2535c6ee8864299f21ff4e19d2b6d5b1681365f45fccf21,1.58603162650601,dc2adab04e07d26e1bd3d4ca707f5a8e4cbc0224b15d07ef76ea39fbb1504b28,287625193.0,d1c50ab18921d2735885891fcff0c4ad8ebc7786a0e887e95ebc9d5d4d5981b2,marco.global_macro_panel_row.v1,latest_revised_snapshot,2002
USA,United States,-522297000000.0,efc888626d2d34dbd3fb13845f063c2797b10bee78497eb80a99c99eca06ece9,A,11456442041000.0,00d3d9e1ada87813a2535c6ee8864299f21ff4e19d2b6d5b1681365f45fccf21,2.27009497336115,dc2adab04e07d26e1bd3d4ca707f5a8e4cbc0224b15d07ef76ea39fbb1504b28,290107933.0,d1c50ab18921d2735885891fcff0c4ad8ebc7786a0e887e95ebc9d5d4d5981b2,marco.global_macro_panel_row.v1,latest_revised_snapshot,2003
USA,United States,-635887000000.0,efc888626d2d34dbd3fb13845f063c2797b10bee78497eb80a99c99eca06ece9,A,12217193198000.0,00d3d9e1ada87813a2535c6ee8864299f21ff4e19d2b6d5b1681365f45fccf21,2.67723669309172,dc2adab04e07d26e1bd3d4ca707f5a8e4cbc0224b15d07ef76ea39fbb1504b28,292805298.0,d1c50ab18921d2735885891fcff0c4ad8ebc7786a0e887e95ebc9d5d4d5981b2,marco.global_macro_panel_row.v1,latest_revised_snapshot,2004
USA,United States,-749230000000.0,efc888626d2d34dbd3fb13845f063c2797b10bee78497eb80a99c99eca06ece9,A,13039199193000.0,00d3d9e1ada87813a2535c6ee8864299f21ff4e19d2b6d5b1681365f45fccf21,3.3927468454955,dc2adab04e07d26e1bd3d4ca707f5a8e4cbc0224b15d07ef76ea39fbb1504b28,295516599.0,d1c50ab18921d2735885891fcff0c4ad8ebc7786a0e887e95ebc9d5d4d5981b2,marco.global_macro_panel_row.v1,latest_revised_snapshot,2005
USA,United States,-816642000000.0,efc888626d2d34dbd3fb13845f063c2797b10bee78497eb80a99c99eca06ece9,A,13815586948000.0,00d3d9e1ada87813a2535c6ee8864299f21ff4e19d2b6d5b1681365f45fccf21,3.22594410070404,dc2adab04e07d26e1bd3d4ca707f5a8e4cbc0224b15d07ef76ea39fbb1504b28,298379912.0,d1c50ab18921d2735885891fcff0c4ad8ebc7786a0e887e95ebc9d5d4d5981b2,marco.global_macro_panel_row.v1,latest_revised_snapshot,2006
USA,United States,-736554000000.0,efc888626d2d34dbd3fb13845f063c2797b10bee78497eb80a99c99eca06ece9,A,14474226905000.0,00d3d9e1ada87813a2535c6ee8864299f21ff4e19d2b6d5b1681365f45fccf21,2.85267248150138,dc2adab04e07d26e1bd3d4ca707f5a8e4cbc0224b15d07ef76ea39fbb1504b28,301231207.0,d1c50ab18921d2735885891fcff0c4ad8ebc7786a0e887e95ebc9d5d4d5981b2,marco.global_macro_panel_row.v1,latest_revised_snapshot,2007
USA,United States,-696526000000.0,efc888626d2d34dbd3fb13845f063c2797b10bee78497eb80a99c99eca06ece9,A,14769857911000.0,00d3d9e1ada87813a2535c6ee8864299f21ff4e19d2b6d5b1681365f45fccf21,3.839100296651,dc2adab04e07d26e1bd3d4ca707f5a8e4cbc0224b15d07ef76ea39fbb1504b28,304093966.0,d1c50ab18921d2735885891fcff0c4ad8ebc7786a0e887e95ebc9d5d4d5981b2,marco.global_macro_panel_row.v1,latest_revised_snapshot,2008
USA,United States,-379736000000.0,efc888626d2d34dbd3fb13845f063c2797b10bee78497eb80a99c99eca06ece9,A,14478064934000.0,00d3d9e1ada87813a2535c6ee8864299f21ff4e19d2b6d5b1681365f45fccf21,-0.355546266299747,dc2adab04e07d26e1bd3d4ca707f5a8e4cbc0224b15d07ef76ea39fbb1504b28,306771529.0,d1c50ab18921d2735885891fcff0c4ad8ebc7786a0e887e95ebc9d5d4d5981b2,marco.global_macro_panel_row.v1,latest_revised_snapshot,2009
USA,United States,-432002000000.0,efc888626d2d34dbd3fb13845f063c2797b10bee78497eb80a99c99eca06ece9,A,15048964444000.0,00d3d9e1ada87813a2535c6ee8864299f21ff4e19d2b6d5b1681365f45fccf21,1.6400434423899,dc2adab04e07d26e1bd3d4ca707f5a8e4cbc0224b15d07ef76ea39fbb1504b28,309378227.0,d1c50ab18921d2735885891fcff0c4ad8ebc7786a0e887e95ebc9d5d4d5981b2,marco.global_macro_panel_row.v1,latest_revised_snapshot,2010
USA,United States,-455297000000.0,efc888626d2d34dbd3fb13845f063c2797b10bee78497eb80a99c99eca06ece9,A,15599728123000.0,00d3d9e1ada87813a2535c6ee8864299f21ff4e19d2b6d5b1681365f45fccf21,3.156841568622,dc2adab04e07d26e1bd3d4ca707f5a8e4cbc0224b15d07ef76ea39fbb1504b28,311839461.0,d1c50ab18921d2735885891fcff0c4ad8ebc7786a0e887e95ebc9d5d4d5981b2,marco.global_macro_panel_row.v1,latest_revised_snapshot,2011
USA,United States,-418112000000.0,efc888626d2d34dbd3fb13845f063c2797b10bee78497eb80a99c99eca06ece9,A,16253972230000.0,00d3d9e1ada87813a2535c6ee8864299f21ff4e19d2b6d5b1681365f45fccf21,2.06933726526067,dc2adab04e07d26e1bd3d4ca707f5a8e4cbc0224b15d07ef76ea39fbb1504b28,314339099.0,d1c50ab18921d2735885891fcff0c4ad8ebc7786a0e887e95ebc9d5d4d5981b2,marco.global_macro_panel_row.v1,latest_revised_snapshot,2012
USA,United States,-339455000000.0,efc888626d2d34dbd3fb13845f063c2797b10bee78497eb80a99c99eca06ece9,A,16843190993000.0,00d3d9e1ada87813a2535c6ee8864299f21ff4e19d2b6d5b1681365f45fccf21,1.46483265562717,dc2adab04e07d26e1bd3d4ca707f5a8e4cbc0224b15d07ef76ea39fbb1504b28,316726282.0,d1c50ab18921d2735885891fcff0c4ad8ebc7786a0e887e95ebc9d5d4d5981b2,marco.global_macro_panel_row.v1,latest_revised_snapshot,2013
USA,United States,-369978000000.0,efc888626d2d34dbd3fb13845f063c2797b10bee78497eb80a99c99eca06ece9,A,17550680174000.0,00d3d9e1ada87813a2535c6ee8864299f21ff4e19d2b6d5b1681365f45fccf21,1.62222297740817,dc2adab04e07d26e1bd3d4ca707f5a8e4cbc0224b15d07ef76ea39fbb1504b28,319257560.0,d1c50ab18921d2735885891fcff0c4ad8ebc7786a0e887e95ebc9d5d4d5981b2,marco.global_macro_panel_row.v1,latest_revised_snapshot,2014
USA,United States,-408447000000.0,efc888626d2d34dbd3fb13845f063c2797b10bee78497eb80a99c99eca06ece9,A,18206020741000.0,00d3d9e1ada87813a2535c6ee8864299f21ff4e19d2b6d5b1681365f45fccf21,0.118627135552451,dc2adab04e07d26e1bd3d4ca707f5a8e4cbc0224b15d07ef76ea39fbb1504b28,321815121.0,d1c50ab18921d2735885891fcff0c4ad8ebc7786a0e887e95ebc9d5d4d5981b2,marco.global_macro_panel_row.v1,latest_revised_snapshot,2015
USA,United States,-396219000000.0,efc888626d2d34dbd3fb13845f063c2797b10bee78497eb80a99c99eca06ece9,A,18695110842000.0,00d3d9e1ada87813a2535c6ee8864299f21ff4e19d2b6d5b1681365f45fccf21,1.26158320570536,dc2adab04e07d26e1bd3d4ca707f5a8e4cbc0224b15d07ef76ea39fbb1504b28,324353340.0,d1c50ab18921d2735885891fcff0c4ad8ebc7786a0e887e95ebc9d5d4d5981b2,marco.global_macro_panel_row.v1,latest_revised_snapshot,2016
USA,United States,-367614000000.0,efc888626d2d34dbd3fb13845f063c2797b10bee78497eb80a99c99eca06ece9,A,19477336549000.0,00d3d9e1ada87813a2535c6ee8864299f21ff4e19d2b6d5b1681365f45fccf21,2.13011000365961,dc2adab04e07d26e1bd3d4ca707f5a8e4cbc0224b15d07ef76ea39fbb1504b28,326608609.0,d1c50ab18921d2735885891fcff0c4ad8ebc7786a0e887e95ebc9d5d4d5981b2,marco.global_macro_panel_row.v1,latest_revised_snapshot,2017
USA,United States,-438989000000.0,efc888626d2d34dbd3fb13845f063c2797b10bee78497eb80a99c99eca06ece9,A,20533057312000.0,00d3d9e1ada87813a2535c6ee8864299f21ff4e19d2b6d5b1681365f45fccf21,2.44258329692817,dc2adab04e07d26e1bd3d4ca707f5a8e4cbc0224b15d07ef76ea39fbb1504b28,328529577.0,d1c50ab18921d2735885891fcff0c4ad8ebc7786a0e887e95ebc9d5d4d5981b2,marco.global_macro_panel_row.v1,latest_revised_snapshot,2018
USA,United States,-441962000000.0,efc888626d2d34dbd3fb13845f063c2797b10bee78497eb80a99c99eca06ece9,A,21380976119000.0,00d3d9e1ada87813a2535c6ee8864299f21ff4e19d2b6d5b1681365f45fccf21,1.81221007526021,dc2adab04e07d26e1bd3d4ca707f5a8e4cbc0224b15d07ef76ea39fbb1504b28,330226227.0,d1c50ab18921d2735885891fcff0c4ad8ebc7786a0e887e95ebc9d5d4d5981b2,marco.global_macro_panel_row.v1,latest_revised_snapshot,2019
USA,United States,-593504000000.0,efc888626d2d34dbd3fb13845f063c2797b10bee78497eb80a99c99eca06ece9,A,21060473613000.0,00d3d9e1ada87813a2535c6ee8864299f21ff4e19d2b6d5b1681365f45fccf21,1.23358439630629,dc2adab04e07d26e1bd3d4ca707f5a8e4cbc0224b15d07ef76ea39fbb1504b28,331577720.0,d1c50ab18921d2735885891fcff0c4ad8ebc7786a0e887e95ebc9d5d4d5981b2,marco.global_macro_panel_row.v1,latest_revised_snapshot,2020
USA,United States,-858634000000.0,efc888626d2d34dbd3fb13845f063c2797b10bee78497eb80a99c99eca06ece9,A,23315080560000.0,00d3d9e1ada87813a2535c6ee8864299f21ff4e19d2b6d5b1681365f45fccf21,4.69785886363742,dc2adab04e07d26e1bd3d4ca707f5a8e4cbc0224b15d07ef76ea39fbb1504b28,332099760.0,d1c50ab18921d2735885891fcff0c4ad8ebc7786a0e887e95ebc9d5d4d5981b2,marco.global_macro_panel_row.v1,latest_revised_snapshot,2021
USA,United States,-993142000000.0,efc888626d2d34dbd3fb13845f063c2797b10bee78497eb80a99c99eca06ece9,A,25604848907611.0,00d3d9e1ada87813a2535c6ee8864299f21ff4e19d2b6d5b1681365f45fccf21,8.00279982052121,dc2adab04e07d26e1bd3d4ca707f5a8e4cbc0224b15d07ef76ea39fbb1504b28,334017321.0,d1c50ab18921d2735885891fcff0c4ad8ebc7786a0e887e95ebc9d5d4d5981b2,marco.global_macro_panel_row.v1,latest_revised_snapshot,2022
USA,United States,-928017000000.0,efc888626d2d34dbd3fb13845f063c2797b10bee78497eb80a99c99eca06ece9,A,27292170793214.4,00d3d9e1ada87813a2535c6ee8864299f21ff4e19d2b6d5b1681365f45fccf21,4.11633838374488,dc2adab04e07d26e1bd3d4ca707f5a8e4cbc0224b15d07ef76ea39fbb1504b28,336806231.0,d1c50ab18921d2735885891fcff0c4ad8ebc7786a0e887e95ebc9d5d4d5981b2,marco.global_macro_panel_row.v1,latest_revised_snapshot,2023
USA,United States,-1185294000000.0,efc888626d2d34dbd3fb13845f063c2797b10bee78497eb80a99c99eca06ece9,A,28750956130731.2,00d3d9e1ada87813a2535c6ee8864299f21ff4e19d2b6d5b1681365f45fccf21,2.94952520485207,dc2adab04e07d26e1bd3d4ca707f5a8e4cbc0224b15d07ef76ea39fbb1504b28,340110988.0,d1c50ab18921d2735885891fcff0c4ad8ebc7786a0e887e95ebc9d5d4d5981b2,marco.global_macro_panel_row.v1,latest_revised_snapshot,2024
ZAF,South Africa,-190556634.771889,efc888626d2d34dbd3fb13845f063c2797b10bee78497eb80a99c99eca06ece9,A,151752757215.309,00d3d9e1ada87813a2535c6ee8864299f21ff4e19d2b6d5b1681365f45fccf21,5.33895913599828,dc2adab04e07d26e1bd3d4ca707f5a8e4cbc0224b15d07ef76ea39fbb1504b28,47159719.0,d1c50ab18921d2735885891fcff0c4ad8ebc7786a0e887e95ebc9d5d4d5981b2,marco.global_macro_panel_row.v1,latest_revised_snapshot,2000
ZAF,South Africa,342639131.12158,efc888626d2d34dbd3fb13845f063c2797b10bee78497eb80a99c99eca06ece9,A,135429905922.526,00d3d9e1ada87813a2535c6ee8864299f21ff4e19d2b6d5b1681365f45fccf21,5.70189483049608,dc2adab04e07d26e1bd3d4ca707f5a8e4cbc0224b15d07ef76ea39fbb1504b28,47566800.0,d1c50ab18921d2735885891fcff0c4ad8ebc7786a0e887e95ebc9d5d4d5981b2,marco.global_macro_panel_row.v1,latest_revised_snapshot,2001
ZAF,South Africa,1009383967.41917,efc888626d2d34dbd3fb13845f063c2797b10bee78497eb80a99c99eca06ece9,A,129087556612.449,00d3d9e1ada87813a2535c6ee8864299f21ff4e19d2b6d5b1681365f45fccf21,9.494713780996,dc2adab04e07d26e1bd3d4ca707f5a8e4cbc0224b15d07ef76ea39fbb1504b28,48019415.0,d1c50ab18921d2735885891fcff0c4ad8ebc7786a0e887e95ebc9d5d4d5981b2,marco.global_macro_panel_row.v1,latest_revised_snapshot,2002
ZAF,South Africa,-1541574878.82416,efc888626d2d34dbd3fb13845f063c2797b10bee78497eb80a99c99eca06ece9,A,197018965308.697,00d3d9e1ada87813a2535c6ee8864299f21ff4e19d2b6d5b1681365f45fccf21,5.67942414068799,dc2adab04e07d26e1bd3d4ca707f5a8e4cbc0224b15d07ef76ea39fbb1504b28,48500348.0,d1c50ab18921d2735885891fcff0c4ad8ebc7786a0e887e95ebc9d5d4d5981b2,marco.global_macro_panel_row.v1,latest_revised_snapshot,2003
ZAF,South Africa,-6413747384.11009,efc888626d2d34dbd3fb13845f063c2797b10bee78497eb80a99c99eca06ece9,A,255806908594.573,00d3d9e1ada87813a2535c6ee8864299f21ff4e19d2b6d5b1681365f45fccf21,-0.692039437857687,dc2adab04e07d26e1bd3d4ca707f5a8e4cbc0224b15d07ef76ea39fbb1504b28,48991421.0,d1c50ab18921d2735885891fcff0c4ad8ebc7786a0e887e95ebc9d5d4d5981b2,marco.global_macro_panel_row.v1,latest_revised_snapshot,2004
ZAF,South Africa,-8015417922.76413,efc888626d2d34dbd3fb13845f063c2797b10bee78497eb80a99c99eca06ece9,A,288867217196.534,00d3d9e1ada87813a2535c6ee8864299f21ff4e19d2b6d5b1681365f45fccf21,2.06285308223427,dc2adab04e07d26e1bd3d4ca707f5a8e4cbc0224b15d07ef76ea39fbb1504b28,49490033.0,d1c50ab18921d2735885891fcff0c4ad8ebc7786a0e887e95ebc9d5d4d5981b2,marco.global_macro_panel_row.v1,latest_revised_snapshot,2005
ZAF,South Africa,-12154724637.7929,efc888626d2d34dbd3fb13845f063c2797b10bee78497eb80a99c99eca06ece9,A,303858675363.643,00d3d9e1ada87813a2535c6ee8864299f21ff4e19d2b6d5b1681365f45fccf21,3.2439076541923,dc2adab04e07d26e1bd3d4ca707f5a8e4cbc0224b15d07ef76ea39fbb1504b28,49998277.0,d1c50ab18921d2735885891fcff0c4ad8ebc7786a0e887e95ebc9d5d4d5981b2,marco.global_macro_panel_row.v1,latest_revised_snapshot,2006
ZAF,South Africa,-16193848408.8251,efc888626d2d34dbd3fb13845f063c2797b10bee78497eb80a99c99eca06ece9,A,333077117253.684,00d3d9e1ada87813a2535c6ee8864299f21ff4e19d2b6d5b1681365f45fccf21,6.17781214809388,dc2adab04e07d26e1bd3d4ca707f5a8e4cbc0224b15d07ef76ea39fbb1504b28,50528584.0,d1c50ab18921d2735885891fcff0c4ad8ebc7786a0e887e95ebc9d5d4d5981b2,marco.global_macro_panel_row.v1,latest_revised_snapshot,2007
ZAF,South Africa,-16395139537.1097,efc888626d2d34dbd3fb13845f063c2797b10bee78497eb80a99c99eca06ece9,A,316131258616.309,00d3d9e1ada87813a2535c6ee8864299f21ff4e19d2b6d5b1681365f45fccf21,9.90998456005467,dc2adab04e07d26e1bd3d4ca707f5a8e4cbc0224b15d07ef76ea39fbb1504b28,51114599.0,d1c50ab18921d2735885891fcff0c4ad8ebc7786a0e887e95ebc9d5d4d5981b2,marco.global_macro_panel_row.v1,latest_revised_snapshot,2008
ZAF,South Africa,-7863255557.7019,efc888626d2d34dbd3fb13845f063c2797b10bee78497eb80a99c99eca06ece9,A,329754060647.129,00d3d9e1ada87813a2535c6ee8864299f21ff4e19d2b6d5b1681365f45fccf21,7.23809523809527,dc2adab04e07d26e1bd3d4ca707f5a8e4cbc0224b15d07ef76ea39fbb1504b28,51728516.0,d1c50ab18921d2735885891fcff0c4ad8ebc7786a0e887e95ebc9d5d4d5981b2,marco.global_macro_panel_row.v1,latest_revised_snapshot,2009
ZAF,South Africa,-5421631418.05703,efc888626d2d34dbd3fb13845f063c2797b10bee78497eb80a99c99eca06ece9,A,417363822801.713,00d3d9e1ada87813a2535c6ee8864299f21ff4e19d2b6d5b1681365f45fccf21,4.06749555950263,dc2adab04e07d26e1bd3d4ca707f5a8e4cbc0224b15d07ef76ea39fbb1504b28,52344051.0,d1c50ab18921d2735885891fcff0c4ad8ebc7786a0e887e95ebc9d5d4d5981b2,marco.global_macro_panel_row.v1,latest_revised_snapshot,2010
ZAF,South Africa,-9254146535.69637,efc888626d2d34dbd3fb13845f063c2797b10bee78497eb80a99c99eca06ece9,A,458199494830.834,00d3d9e1ada87813a2535c6ee8864299f21ff4e19d2b6d5b1681365f45fccf21,5.0008533879502,dc2adab04e07d26e1bd3d4ca707f5a8e4cbc0224b15d07ef76ea39fbb1504b28,52995205.0,d1c50ab18921d2735885891fcff0c4ad8ebc7786a0e887e95ebc9d5d4d5981b2,marco.global_macro_panel_row.v1,latest_revised_snapshot,2011
ZAF,South Africa,-20346176599.8458,efc888626d2d34dbd3fb13845f063c2797b10bee78497eb80a99c99eca06ece9,A,434400545085.811,00d3d9e1ada87813a2535c6ee8864299f21ff4e19d2b6d5b1681365f45fccf21,5.73797139141739,dc2adab04e07d26e1bd3d4ca707f5a8e4cbc0224b15d07ef76ea39fbb1504b28,53782567.0,d1c50ab18921d2735885891fcff0c4ad8ebc7786a0e887e95ebc9d5d4d5981b2,marco.global_macro_panel_row.v1,latest_revised_snapshot,2012
ZAF,South Africa,-21400789698.6022,efc888626d2d34dbd3fb13845f063c2797b10bee78497eb80a99c99eca06ece9,A,400886013595.573,00d3d9e1ada87813a2535c6ee8864299f21ff4e19d2b6d5b1681365f45fccf21,5.78016910069176,dc2adab04e07d26e1bd3d4ca707f5a8e4cbc0224b15d07ef76ea39fbb1504b28,54678791.0,d1c50ab18921d2735885891fcff0c4ad8ebc7786a0e887e95ebc9d5d4d5981b2,marco.global_macro_panel_row.v1,latest_revised_snapshot,2013
ZAF,South Africa,-18344938660.4378,efc888626d2d34dbd3fb13845f063c2797b10bee78497eb80a99c99eca06ece9,A,381198869776.106,00d3d9e1ada87813a2535c6ee8864299f21ff4e19d2b6d5b1681365f45fccf21,6.13282953059149,dc2adab04e07d26e1bd3d4ca707f5a8e4cbc0224b15d07ef76ea39fbb1504b28,55594838.0,d1c50ab18921d2735885891fcff0c4ad8ebc7786a0e887e95ebc9d5d4d5981b2,marco.global_macro_panel_row.v1,latest_revised_snapshot,2014
ZAF,South Africa,-14944186632.1317,efc888626d2d34dbd3fb13845f063c2797b10bee78497eb80a99c99eca06ece9,A,346709790458.563,00d3d9e1ada87813a2535c6ee8864299f21ff4e19d2b6d5b1681365f45fccf21,4.51869094892506,dc2adab04e07d26e1bd3d4ca707f5a8e4cbc0224b15d07ef76ea39fbb1504b28,56723537.0,d1c50ab18921d2735885891fcff0c4ad8ebc7786a0e887e95ebc9d5d4d5981b2,marco.global_macro_panel_row.v1,latest_revised_snapshot,2015
ZAF,South Africa,-8521994957.00947,efc888626d2d34dbd3fb13845f063c2797b10bee78497eb80a99c99eca06ece9,A,323585509674.481,00d3d9e1ada87813a2535c6ee8864299f21ff4e19d2b6d5b1681365f45fccf21,6.60290842394872,dc2adab04e07d26e1bd3d4ca707f5a8e4cbc0224b15d07ef76ea39fbb1504b28,57259551.0,d1c50ab18921d2735885891fcff0c4ad8ebc7786a0e887e95ebc9d5d4d5981b2,marco.global_macro_panel_row.v1,latest_revised_snapshot,2016
ZAF,South Africa,-9056996805.89754,efc888626d2d34dbd3fb13845f063c2797b10bee78497eb80a99c99eca06ece9,A,381448814653.456,00d3d9e1ada87813a2535c6ee8864299f21ff4e19d2b6d5b1681365f45fccf21,5.18618655524149,dc2adab04e07d26e1bd3d4ca707f5a8e4cbc0224b15d07ef76ea39fbb1504b28,57635162.0,d1c50ab18921d2735885891fcff0c4ad8ebc7786a0e887e95ebc9d5d4d5981b2,marco.global_macro_panel_row.v1,latest_revised_snapshot,2017
ZAF,South Africa,-12159926617.7368,efc888626d2d34dbd3fb13845f063c2797b10bee78497eb80a99c99eca06ece9,A,405260723892.517,00d3d9e1ada87813a2535c6ee8864299f21ff4e19d2b6d5b1681365f45fccf21,4.50987264867388,dc2adab04e07d26e1bd3d4ca707f5a8e4cbc0224b15d07ef76ea39fbb1504b28,58613001.0,d1c50ab18921d2735885891fcff0c4ad8ebc7786a0e887e95ebc9d5d4d5981b2,marco.global_macro_panel_row.v1,latest_revised_snapshot,2018
ZAF,South Africa,-10200410538.59,efc888626d2d34dbd3fb13845f063c2797b10bee78497eb80a99c99eca06ece9,A,389330032224.269,00d3d9e1ada87813a2535c6ee8864299f21ff4e19d2b6d5b1681365f45fccf21,4.10285075461156,dc2adab04e07d26e1bd3d4ca707f5a8e4cbc0224b15d07ef76ea39fbb1504b28,59587885.0,d1c50ab18921d2735885891fcff0c4ad8ebc7786a0e887e95ebc9d5d4d5981b2,marco.global_macro_panel_row.v1,latest_revised_snapshot,2019
ZAF,South Africa,6771399115.51677,efc888626d2d34dbd3fb13845f063c2797b10bee78497eb80a99c99eca06ece9,A,337974655408.055,00d3d9e1ada87813a2535c6ee8864299f21ff4e19d2b6d5b1681365f45fccf21,3.23238831615113,dc2adab04e07d26e1bd3d4ca707f5a8e4cbc0224b15d07ef76ea39fbb1504b28,60562381.0,d1c50ab18921d2735885891fcff0c4ad8ebc7786a0e887e95ebc9d5d4d5981b2,marco.global_macro_panel_row.v1,latest_revised_snapshot,2020
ZAF,South Africa,15843620102.3886,efc888626d2d34dbd3fb13845f063c2797b10bee78497eb80a99c99eca06ece9,A,419986284375.368,00d3d9e1ada87813a2535c6ee8864299f21ff4e19d2b6d5b1681365f45fccf21,4.61874544887136,dc2adab04e07d26e1bd3d4ca707f5a8e4cbc0224b15d07ef76ea39fbb1504b28,61502603.0,d1c50ab18921d2735885891fcff0c4ad8ebc7786a0e887e95ebc9d5d4d5981b2,marco.global_macro_panel_row.v1,latest_revised_snapshot,2021
ZAF,South Africa,-1207228550.22306,efc888626d2d34dbd3fb13845f063c2797b10bee78497eb80a99c99eca06ece9,A,407596043067.885,00d3d9e1ada87813a2535c6ee8864299f21ff4e19d2b6d5b1681365f45fccf21,7.03987272546482,dc2adab04e07d26e1bd3d4ca707f5a8e4cbc0224b15d07ef76ea39fbb1504b28,62378410.0,d1c50ab18921d2735885891fcff0c4ad8ebc7786a0e887e95ebc9d5d4d5981b2,marco.global_macro_panel_row.v1,latest_revised_snapshot,2022
ZAF,South Africa,-4209439168.07548,efc888626d2d34dbd3fb13845f063c2797b10bee78497eb80a99c99eca06ece9,A,381440724491.232,00d3d9e1ada87813a2535c6ee8864299f21ff4e19d2b6d5b1681365f45fccf21,6.0752438457966,dc2adab04e07d26e1bd3d4ca707f5a8e4cbc0224b15d07ef76ea39fbb1504b28,63212384.0,d1c50ab18921d2735885891fcff0c4ad8ebc7786a0e887e95ebc9d5d4d5981b2,marco.global_macro_panel_row.v1,latest_revised_snapshot,2023
ZAF,South Africa,-2578559235.52211,efc888626d2d34dbd3fb13845f063c2797b10bee78497eb80a99c99eca06ece9,A,401144998373.585,00d3d9e1ada87813a2535c6ee8864299f21ff4e19d2b6d5b1681365f45fccf21,4.36115246518962,dc2adab04e07d26e1bd3d4ca707f5a8e4cbc0224b15d07ef76ea39fbb1504b28,64007187.0,d1c50ab18921d2735885891fcff0c4ad8ebc7786a0e887e95ebc9d5d4d5981b2,marco.global_macro_panel_row.v1,latest_revised_snapshot,2024
